"company_name","job_count"
"Macquarie Group","260"
"Confidential","222"
"Amazon Services Inc.","176"
"Workforce Australia for Individuals","145"
"Hays","123"
"Sky","123"
"Peoplebank","104"
"Randstad","85"
"Commonwealth Bank","83"
"HAYS","66"
"Talenza","64"
"Capgemini","62"
"Servian","57"
"Randstad Australia","57"
"Michael Page","55"
"Snowflake","54"
"CareCone Group","51"
"Talent","51"
"Correlate Resources","50"
"The Argyle Network","49"
"EY","48"
"Cognizant","48"
"Arq Group","47"
"Macquarie Group Limited","45"
"Leidos","44"
"ANZ","44"
"Canva","41"
"Suncorp Group","40"
"Westpac","39"
"Amazon","38"
"Hastha Solutions","37"
"Troocoo","37"
"Paxus","37"
"Providence Health & Services","37"
"Charterhouse","37"
"Versent","35"
"XPT Software Australia Pty Ltd","35"
"Macquarie","34"
"Apple","34"
"Accenture","33"
"HiTech Group","31"
"Deloitte","30"
"ACT Government","30"
"Tabcorp","30"
"OPUS TALENT SOLUTIONS","30"
"REA Group","29"
"Talent Insights Group","29"
"Sirius People","29"
"Tata Group","29"
"Humana","29"
"Bluefin Resources","28"
"Experis","28"
"Optus","28"
"Robert Walters","28"
"Atlassian","27"
"NTT","26"
"salesforce, inc.","26"
"CYOS Solutions","26"
"Collabera Digital","26"
"Pyramid Global Technologies","26"
"Link Group","25"
"Cognizant Australia, Cognizant Technology Solutions","25"
"Whizdom Recruitment","25"
"Transurban","24"
"Allura Partners","24"
"Career Success Australia","24"
"Halcyon Knights","24"
"Fractal","23"
"Sharp & Carter","22"
"Bank of Queensland","22"
"Xpt Software Australia Pty Ltd","22"
"CircuIT Recruitment Group","22"
"Culture Amp","22"
"Australia and New Zealand Banking Group Limited (ANZ)","21"
"Peoplebank Australia Ltd","21"
"Zone IT Solutions","21"
"Launch Recruitment","21"
"TPG Telecom","21"
"Silverlink Technologies","21"
"Tata Consultancy Services","21"
"Firesoft People","21"
"Talent International","21"
"Xero","20"
"Morgan McKinley","20"
"S.i. Systems","20"
"Mane Consulting","20"
"TheDriveGroup.","20"
"Cash App","20"
"Origin Energy","20"
"Virtusa","19"
"Telstra","19"
"XPT Software","19"
"INNOVATE IT AUSTRALIA","19"
"Clicks IT Recruitment","19"
"NAB - National Australia Bank","19"
"Robert Half","18"
"SustainAbility Consulting","18"
"Softtest pays pty ltd","18"
"Australian Broadcasting Corporation","17"
"Jobx Pty Ltd","17"
"Westpac Group","17"
"Uniting","17"
"Tech Mahindra","17"
"Ontrack Systems Aus Pty Ltd","17"
"InfoCentric","17"
"IAG","17"
"Tiger Analytics","17"
"Symetra","17"
"Equinix","17"
"Renaissance InfoSystems","17"
"Singtel Group","17"
"Accenture Australia","17"
"Avance Consulting","17"
"Aurec","16"
"XPT Software Australia","16"
"Green Light","16"
"FourQuarters","16"
"Ey","16"
"Nine","16"
"Quantexa","16"
"ARQ Group","16"
"face2face Recruitment","16"
"Block","15"
"Brennan IT","15"
"Teradata","15"
"Data#3","15"
"Leidos Australia","15"
"Cognizant Technology Solutions","15"
"The Data Foundry","15"
"FourQuarters Recruitment","15"
"HelloFresh","15"
"Woolworths","15"
"eTeam","15"
"Clearcompany","15"
"West Recruitment","14"
"Charterhouse Partnership","14"
"Modis","14"
"Infosys Singapore & Australia","14"
"Gateway Synergy Recruitment","14"
"Cuusoo","14"
"coles","14"
"ED - Group Support Functions","14"
"Australian Taxation Office","14"
"Verse Group","14"
"Australian Broadcasting Corporation (ABC)","14"
"The Onset","14"
"Woolworths Limited","14"
"Mutinex","14"
"Australian Energy Market Operator (AEMO)","14"
"Finite IT","13"
"Microsoft","13"
"Exclaim IT","13"
"QBE Insurance","13"
"Bendigo and Adelaide Bank","13"
"Palo Alto Networks","13"
"TheDriveGroup","13"
"The Recruitment Company Pty Ltd","13"
"Michael Page Australia","13"
"Synechron","13"
"Mantel Group","13"
"SKY Italia","12"
"RMIT University","12"
"NAB","12"
"Hudson","12"
"Cleared ICT","12"
"IBM","12"
"Finite Recruitment","12"
"Humanised Group","12"
"ING Australia","12"
"Technology People Group","12"
"Quantium","12"
"ALOIS APAC","12"
"Endeavour Group","12"
"DXC Technology","12"
"The Boeing Company","12"
"ING","12"
"Amazon Web Services (AWS)","12"
"Sustainability Consulting","12"
"the original","12"
"Aurec Human Capital Group","12"
"Infopeople","12"
"Tpg Telecom","11"
"ignite","11"
"The Recruitment Company","11"
"NSW Government","11"
"IT Alliance Australia","11"
"Ramsay Health Care","11"
"Valrose","11"
"Recruitment Hive","11"
"HP Inc.","11"
"CSIRO","11"
"eJAmerica","11"
"ManVision Consulting","11"
"Talent Australia","11"
"Randstad Technologies Australia","11"
"TikTok","11"
"Wipro","11"
"PwC","11"
"Pepperstone","11"
"Luxury Escapes","11"
"X-Team","11"
"KPMG","11"
"Vero Insurance","11"
"Powerdata Group Consulting","11"
"LEIDOS","11"
"Crypto Recruit","11"
"Domain Group","11"
"Arcadis","11"
"Kinexus","10"
"Talent Street","10"
"Reece Group","10"
"Exadel Inc.","10"
"Australian Unity","10"
"Rio Tinto","10"
"Maltem Australia","10"
"PwC Australia","10"
"Aurecon","10"
"Simple Machines","10"
"Xpert Consulting T/A Novon","10"
"Emanate Technology","10"
"ResMed","10"
"Entain","10"
"THE ICONIC","10"
"EnergyAustralia","10"
"HUB24 Limited","10"
"Rubix Solutions","10"
"Cover Genius","10"
"CommBank","10"
"Latitude IT","10"
"Alinta Energy","10"
"Transport for NSW","10"
"Paxus - Technology + Digital Talent","10"
"VGW","10"
"Department of Energy, Environment and Climate Action","10"
"Effective People","10"
"Scentre Group","10"
"Whizdom","10"
"PRA","10"
"AustralianSuper","10"
"Department of Education","10"
"Konnexus","10"
"Programmed","10"
"SustainAbility","10"
"Datacom","10"
"JLL","10"
"Tasmanian Government Jobs","9"
"FinXL","9"
"Attribute Group","9"
"Gotech Solutions Pty Ltd","9"
"Blue Origin","9"
"Clarrow","9"
"Fulton Hogan","9"
"Slalom Build","9"
"Virgin Australia","9"
"ANZ Banking Group Limited","9"
"W Hotels","9"
"Manvision Consulting","9"
"Relectrify","9"
"Avanade","9"
"NOVON","9"
"pwc","9"
"Recruita","9"
"iVEGA Consulting","9"
"Seattle Genetics","9"
"The Salvation Army","9"
"Ethos BeathChapman","9"
"Harborview Medical Center","9"
"Zendesk","9"
"Aussie Broadband","9"
"Jacobs","9"
"Billigence","9"
"Water Corporation","9"
"Latitude Financial Services","9"
"Alloc8","9"
"Coles","9"
"Pwc","9"
"Profusion Group","9"
"Green Light Worldwide","9"
"Ambition Group","9"
"National Heavy Vehicle Regulator","9"
"The Drive Group","9"
"Stockland","9"
"UGL","9"
"Ignite","9"
"MongoDB","9"
"Treasury Wine Estates","8"
"Johnson & Johnson","8"
"Symbio","8"
"Hatch","8"
"Judo Bank","8"
"Reesby It","8"
"Six Degrees Executive","8"
"Woolworths Group","8"
"ClearCompany","8"
"Smartsheet","8"
"Metcash","8"
"Icon Group","8"
"Infosys","8"
"Westbury Partners","8"
"Infocentric","8"
"Reesby IT","8"
"Davidson","8"
"Hydrogen Group","8"
"Day One","8"
"Paxus Australia Pty Ltd","8"
"Rea Group","8"
"Ciandt","8"
"BlueScope","8"
"Queensland Government","8"
"Flight Centre Alumni","8"
"Australian Retirement Trust","8"
"IOOF Holdings Limited","8"
"The Star Entertainment Group","8"
"Challenger Limited","8"
"Wesfarmers","8"
"Professional Search Group","8"
"CareCone Australia","8"
"Data Engineering Pty Ltd","8"
"DFP Recruitment","8"
"Alstom","8"
"Transport For NSW","8"
"Medibank","8"
"RAC WA","8"
"Qantas Group","8"
"Amazon Corporate Services Pty Ltd","8"
"Itoc","8"
"NSW Health","8"
"Australian Government Department of Defence","8"
"Rarekind","8"
"Mott MacDonald","8"
"Australia Post","7"
"EBR","7"
"YOH Services LLC","7"
"Specsavers","7"
"Arista Networks","7"
"BJSS","7"
"CoTalent","7"
"State Government Of Victoria, Australia","7"
"Acolade Consulting","7"
"Ressam","7"
"BHP","7"
"Octopus Energy","7"
"BAE Systems","7"
"Brennan","7"
"Appen","7"
"Insignia Financial","7"
"Zip Co","7"
"Ntt","7"
"Oracle","7"
"M&T Resources","7"
"Willow","7"
"Aris Zinc","7"
"OTIC Group","7"
"Optiver","7"
"Ventia","7"
"Coles Group","7"
"TEKsystems","7"
"Perigon Group","7"
"Airtree Ventures","7"
"Auto & General","7"
"u&u","7"
"CryptoRecruit","7"
"INGRITY","7"
"Australian Bureau Of Statistics","7"
"Suncorp Group Limited","7"
"tekFinder","7"
"CoreLogic","7"
"One51 | Data & Analytics Consultancy","7"
"Opus Recruitment Solutions","7"
"Prospa","7"
"Wesfarmers OneDigital","7"
"Genesis10","7"
"UST","7"
"Inavitas","7"
"Laing O'Rourke","7"
"Unspecified","7"
"PACCAR","7"
"Cyos Solutions","7"
"Weebly","7"
"Infosys Limited","7"
"Aurizon","7"
"West Recruitment Consulting","7"
"Glencore Jobs","7"
"BWS","7"
"Seattle Children's Hospital","7"
"Open","7"
"Salt","7"
"Woolworths Group Limited","6"
"Afterpay","6"
"Fresh Consulting","6"
"POWER IT SERVICES","6"
"ZSoft Technologies Pty Ltd","6"
"CSL Behring","6"
"Finite IT Recruitment","6"
"HiTech Personnel","6"
"XPT Software Australia PTY Ltd","6"
"Centre for Continuing Education","6"
"Innovior","6"
"Karlka Recruiting Group","6"
"BI & DW Australia","6"
"Willow Technology Corporation Pty","6"
"Experis Manpowergroup Sp. Z O.O.","6"
"Australian Pharmaceutical Industries","6"
"Engineers Australia","6"
"Holland America Line","6"
"Airwallex","6"
"The Trade Desk","6"
"Motion Recruitment","6"
"KPMG Australia","6"
"Neara","6"
"SustainRecruit","6"
"Talent Recruitment Australia","6"
"Eucalyptus","6"
"NTT Ltd.","6"
"Itoc Pty Ltd","6"
"Chandler Macleod","6"
"Professional Search Group (PSG)","6"
"D'Arcy Weil","6"
"Cartology - Part of the Woolworths Group","6"
"Thales","6"
"Class Limited","6"
"Hubstaff","6"
"NCS Group","6"
"Beyond Zero Technologies","6"
"Publicis Groupe","6"
"NSW Department of Customer Service","6"
"Peroptyx","6"
"DoorDash","6"
"Frost Bank","6"
"The State Of Queensland","6"
"Perpetual","6"
"AECOM","6"
"Anduril Industries","6"
"Just Digital People","6"
"Boston Consulting Group","6"
"SpaceX","6"
"WooliesX","6"
"Softtest Pays","6"
"intelia","6"
"Corelogic","6"
"Simplyai","6"
"Terex Corporation","6"
"Bain & Company","6"
"Deakin University","6"
"Northrop Grumman","6"
"Data#3 Ltd","6"
"Evolution Australia","6"
"PaidRight","6"
"Australian Bureau of Statistics","6"
"ITbility","6"
"OUI Recruitment","6"
"Charles Sturt University","6"
"Anz","6"
"Divy Associates","6"
"Softtestpays","6"
"Evolution Mining","6"
"Microsoft Corporation","6"
"Komatsu Australia","6"
"Nyrstar","6"
"affix","6"
"mme team","5"
"Jenny Barbour IT and Project Recruitment","5"
"ITL Australia","5"
"Aginic","5"
"Australian Super","5"
"Servian Pty Ltd","5"
"Susquehanna International Group, LLP (SIG)","5"
"ACS Pro Staffing","5"
"Mckinsey & Company","5"
"Cleanaway","5"
"Department of Transport and Main Roads","5"
"Northbridge Recruitment","5"
"Endeavour Foundation","5"
"Ampstek","5"
"Baby Bunting","5"
"Finxl","5"
"Auto & General Australia","5"
"Arup","5"
"First Choice Liquor Market","5"
"Robert Walters Australia","5"
"Hevo Data","5"
"Downer EDI Limited","5"
"Dovetail","5"
"Infusion Development","5"
"Cashrewards","5"
"careerone","5"
"Roman Health Pharmacy Llc","5"
"Online Courses Australia Pty","5"
"Apptio","5"
"Austin Health","5"
"Hudson Australia","5"
"Cochlear","5"
"SafetyCulture","5"
"Flybuys","5"
"Transgrid","5"
"Nuage Technology Group","5"
"Compare Club","5"
"Cadmus","5"
"Zip","5"
"Vanguard","5"
"Visa","5"
"Dotnetinstitute","5"
"Department of Health","5"
"Precision Sourcing","5"
"City People Solutions","5"
"SiteMinder","5"
"Insurance Australia Group Limited","5"
"Bechtel","5"
"Pravallika B - Senior Recruitment Consultant - Zone IT Solutions","5"
"Jenny Barbour IT & Project Recruitment","5"
"NSW Department of Communities and Justice","5"
"Flight Centre Travel Group","5"
"Ingrity","5"
"News Corp Australia","5"
"Department of Justice and Community Safety","5"
"Humm Group","5"
"DWS Group","5"
"Unitywater","5"
"Net2Source Inc.","5"
"Downer Group","5"
"Linfox","5"
"CoreLogic Australia","5"
"Quay Appointments","5"
"HCF","5"
"Brunel","5"
"Arinco","5"
"BLACKROC","5"
"West Recruitment Pty Ltd","5"
"carsales","5"
"Queensland Health","5"
"Pexa Group Limited","5"
"Genesis IT&T Pty Ltd","5"
"Carecone Group","5"
"Monash University","5"
"Australiansuper","5"
"Equinix Asia-Pacific","5"
"Kirra Services","5"
"Bupa","5"
"Continuum Recruitment","5"
"Digital Resources Australia Pty Ltd","5"
"Iress","5"
"Loam Bio","5"
"Laing Oâ€™Rourke","5"
"St Vincent's Health Australia","5"
"Discovery Parks Group","5"
"La Trobe University","5"
"Federation University Australia","5"
"Nexus Silicon Technologies","5"
"Dataly Actuarial","5"
"NES Fircroft","5"
"FCM Travel","5"
"CAI","5"
"Experian","5"
"XPT","5"
"Australia And New Zealand Banking Group Limited","5"
"HCLTech","5"
"Bunnings","5"
"Downer","5"
"DFP Recruitment Services","5"
"GROW Inc","5"
"HERE Technologies","5"
"Fitzgerald Jenkins Recruitment","5"
"Victorian Managed Insurance Authority","4"
"Cox Purtell","4"
"ING Bank (Australia) Limited","4"
"FutureYou","4"
"Shell Energy","4"
"TROOCOO Pty Ltd","4"
"Pan Asia Resources","4"
"SEEK","4"
"BlueRock","4"
"Palantir Technologies","4"
"Capital Recruit","4"
"NEC Australia","4"
"FR Consultancy","4"
"Challenger","4"
"BAE Systems Digital Intelligence","4"
"Concurrent Technologies Corporation","4"
"System Stewardship","4"
"Synergy","4"
"JOBX Pty Ltd","4"
"Australian Energy Market Operator","4"
"BLACKROCâ„¢ Group","4"
"Government Of South Australia","4"
"Amadeus","4"
"Farm Credit Services","4"
"T O M Executive","4"
"Lâ€™ORÃ‰AL","4"
"Codex","4"
"Robert Half Australia","4"
"Cagents","4"
"LVT People","4"
"Royal London","4"
"CGI","4"
"Intellihub Group","4"
"Sigma Healthcare Limited","4"
"IMC Financial Markets","4"
"iterate","4"
"Hassett","4"
"Capstone Recruitment","4"
"Essential Energy","4"
"Eden Ritchie Recruitment","4"
"City Facilities Management","4"
"Amazon Corporate Services Pty","4"
"DocuSign","4"
"Excolo","4"
"Dws Group","4"
"Squiz","4"
"Department of Transport","4"
"WA Police Force","4"
"Summit Partners","4"
"The State of Queensland","4"
"Suncorp","4"
"Aspirante","4"
"Team Global Express","4"
"Cameron Douglass - Greater Sydney Area | Professional Profile","4"
"Reo Group","4"
"I work for NSW","4"
"Snaphunt","4"
"Jemena","4"
"Compas","4"
"ServiceNow","4"
"Brennan It","4"
"University of New South Wales","4"
"Swinburne University of Technology","4"
"Link Group (LNK)","4"
"Resolution Life","4"
"Victoria Police","4"
"Akkodis","4"
"Konnexus Consulting Group","4"
"UpGuard","4"
"Santos","4"
"Maurice Blackburn Lawyers","4"
"ANZ Banking Group","4"
"Institute Of Data","4"
"Grant Executive Search","4"
"Rest","4"
"Lion","4"
"Mantel Group Pty Ltd","4"
"Telstra Health","4"
"The Star","4"
"abc","4"
"Commonwealth Bank Of Australia","4"
"Zurich Insurance Company Ltd.","4"
"Onpoint 365","4"
"Puget Sound Energy","4"
"Cotalent","4"
"The University of Queensland","4"
"Ericsson","4"
"BHP Career Portal","4"
"Qantas","4"
"Genesis IT&T","4"
"Komatsu","4"
"Rokt","4"
"Aviva","4"
"COGNIZANT","4"
"Seequent","4"
"MECCA Brands","4"
"TAL Australia","4"
"Visory","4"
"AC3","4"
"Talent Insights","4"
"South East Water","4"
"Ampol Australia","4"
"Unisys","4"
"Media.Monks","4"
"Plus People","4"
"Onset Group","4"
"s2m Digital","4"
"Hudson AU","4"
"Client Server","4"
"@ Link Group","4"
"Worley","4"
"Linkus","4"
"Fujitsu","4"
"The University of Adelaide","4"
"XY Sense","4"
"Pearson Carter","4"
"Hewlett Packard Enterprise","4"
"Canberra Consulting","4"
"Airswift","4"
"Ambition","4"
"Bupaoptical","4"
"cimic","4"
"Infinite Consulting","4"
"Department of Health (WA Health)","4"
"Open Universities Australia","4"
"FinClear","4"
"Zitcha","3"
"Reesby","3"
"Yarra Trams","3"
"Bendigo & Adelaide Bank","3"
"Shell Energy Australia","3"
"DoublU","3"
"UniSuper","3"
"Jemena Limited","3"
"University of Canberra","3"
"University of Tasmania","3"
"Emmbr","3"
"MultiCare Health System","3"
"Circuit Recruitment Group","3"
"Splunk","3"
"ARISâ€¢ZINC GROUP","3"
"Southern NSW Local Health District","3"
"ALDI Stores Australia","3"
"IAG Limited","3"
"bp","3"
"University Of Technology Sydney","3"
"Geoscience Australia","3"
"Ernst & Young Advisory Services Sdn Bhd","3"
"Service Nsw","3"
"Colgate-Palmolive Company","3"
"Energy Australia","3"
"Spice Ai","3"
"AbbVie","3"
"Tibra Capital","3"
"Sharp Brains","3"
"Deloitte Services Pty Ltd","3"
"WorkSafe Victoria","3"
"DR Analytics Recruitment","3"
"DuluxGroup","3"
"Hitech Group Australia Limited","3"
"Viasat","3"
"Urban Utilities","3"
"ALOIS Solutions","3"
"Edison Talent","3"
"GenesisCare","3"
"Macquarie Capital","3"
"Messagemedia","3"
"Nigel Frank International","3"
"Denodo Technologies","3"
"Spice AI","3"
"Oolio","3"
"Technical Global Solutions","3"
"Macquarie Bank","3"
"Medtronic","3"
"State Government Of Victoria","3"
"TOM Executive","3"
"GumGum","3"
"Tal Services Limited","3"
"Aristocrat","3"
"Capgemini Engineering","3"
"U&U","3"
"Infy Australia","3"
"Brunel Gmbh","3"
"Silver Chain","3"
"3P Learning","3"
"Collabera Australia","3"
"Wesfarmers Health","3"
"New South Wales Government","3"
"LMG","3"
"Orica","3"
"ISS Market Intelligence","3"
"Fuse Recruitment","3"
"Aesop","3"
"NSW Education Standards Authority","3"
"Axiom Technologies","3"
"Alegeus","3"
"Australian Signals Directorate","3"
"Climate Corporation","3"
"Anz New Zealand Investments Limited","3"
"Ivory Group","3"
"Australian Resources & Investment","3"
"Kaplan","3"
"NBN Co","3"
"Stile Education","3"
"Different Technologies Pty Ltd.","3"
"Aon","3"
"Jb Hi-Fi","3"
"affix Group","3"
"Quick Release","3"
"beBee S AU","3"
"GroupM","3"
"RACQ","3"
"City of Boroondara","3"
"Square","3"
"University of South Australia","3"
"IRI","3"
"Bae Systems","3"
"Globant","3"
"Optum","3"
"Google","3"
"Catch","3"
"Azenix","3"
"Espire Infolabs Pty Ltd","3"
"Collaborate Recruitment","3"
"Bureau of Meteorology","3"
"Hire Digital","3"
"Pinpoint Talent","3"
"Philpar","3"
"St Vincentâ€™s Health Australia","3"
"The Salvation Army Australia","3"
"Flexisource It","3"
"Australian Government","3"
"dentsu","3"
"NSW Government Department of Education","3"
"Bayer","3"
"Queensland Rail","3"
"Emeco Group","3"
"Macquarie University","3"
"Connect One Recruitment","3"
"nrmjoEnvironmental jobs, NRM","3"
"Fortescue","3"
"Webtree","3"
"Resmed","3"
"Araza","3"
"SSW","3"
"APS","3"
"QuantumBlack, AI by McKinsey","3"
"Singtel Optus Pty Limited","3"
"Finity","3"
"Envision","3"
"Pladis Foods Limited","3"
"Delivery Centric Pty Ltd","3"
"Thedrivegroup","3"
"MNF Group","3"
"Santos Talent Community","3"
"Redbubble","3"
"T-MOBILE USA, Inc.","3"
"ShopGrok","3"
"Australian National Audit Office","3"
"People4U","3"
"Sedgman Pty Limited","3"
"Cision","3"
"Agl Energy","3"
"Edjuster","3"
"Arkose Labs","3"
"Aware Super","3"
"FinXL AU","3"
"LSEG (London Stock Exchange Group)","3"
"Minutes to Seconds","3"
"Ed - Group Support Functions","3"
"Aquent","3"
"Tennis Australia","3"
"One Model","3"
"ABC","3"
"eliiza","3"
"Spinal Life Australia","3"
"Amdocs","3"
"NestlÃ©","3"
"ARISâ€¢ZINC","3"
"Sportsbet","3"
"Koala","3"
"Arc Infrastructure","3"
"Provet","3"
"TalentNeuron","3"
"Ampcus, Inc","3"
"Calix","3"
"Delivery Centric Technologies","3"
"Healthdirect Australia","3"
"Interpro People","3"
"Centacare Brisbane","3"
"Calleo","3"
"Maca Mining Pty Ltd","3"
"Easy Authoring","3"
"TekWissen Â®","3"
"AIA","3"
"Bendigo And Adelaide Bank","3"
"NSW Department of Planning and Environment","3"
"Crew Talent Advisory","3"
"Davidson Group Services","3"
"Onset","3"
"Belcan Corporation","3"
"Compass Group","3"
"Australia Wide Engineering Recruitment","3"
"Origin","3"
"Dataorbis","3"
"Resource Corner","3"
"Defence Australia","3"
"Intelia","3"
"Dooleyboyer","3"
"Intellify","3"
"Mastercard","3"
"Family Zone","3"
"Bill and Melinda Gates Foundation","3"
"Digital Resources","3"
"University of Sydney","3"
"NTT Ltd., NTT","3"
"Cotiviti","3"
"Groupm","3"
"Qsic","3"
"Ausgrid","3"
"Profusion","3"
"TransGrid","3"
"Priceline","3"
"Vgw","3"
"Society for Learning Analytics Research","3"
"Private Consultancy","3"
"Ashdown People","3"
"Aurecon Group","3"
"Ing Bank N.V.","3"
"Seek","3"
"HESTA","3"
"Exco Partners","3"
"Recruiters Worldwide","3"
"Eastern Health","3"
"Energy Queensland","3"
"Excolo.","3"
"Tech People 247","3"
"ACCC","3"
"TechnologyOne","3"
"Ghd","3"
"Shopify","3"
"Restive Tech","3"
"SoundTransit","3"
"MaxMine","3"
"HR Partners","3"
"Cisco","3"
"Interactive","3"
"Nab - National Australia Bank","3"
"Ignite Recruitment","3"
"Sydney Local Health District","3"
"Chirpn IT Solutions","3"
"Quantexa Limited","3"
"Merkle Australia","3"
"MCS Consulting","3"
"Appscore","3"
"Societe Generale","3"
"Thales Group","3"
"WALKWAY IMMIGRATION SERVICES LLP","3"
"Novon","3"
"Tiktok","3"
"Deloitte Australia","3"
"Advance Thinking","3"
"AT&T","3"
"Nium","3"
"Tommy Bahama","3"
"NewyTechPeople","3"
"Bhp","3"
"hipages Group","3"
"Legal Aid NSW","3"
"Rhi Group","3"
"MinterEllison","3"
"Suburban Rail Loop Authority","3"
"Annalect","3"
"Hanson","3"
"Nearmap","3"
"Colliers","3"
"Recruiting from Scratch","3"
"Seeing Machines","3"
"UNSW","3"
"Involved Solutions","3"
"ASIC","3"
"Jacobs Engineering Group Inc.","3"
"Linktree","3"
"Circuit Recruitment","3"
"Melbourne Water","3"
"Bp","3"
"Halcyon Knights - Idibu","3"
"Murdoch Children's Research Institute","3"
"Hewlett Packard","3"
"JB Hi Fi","3"
"Qwirk","2"
"Inivosglobal","2"
"Genesys Cloud Services, Inc.","2"
"OESON","2"
"Hays Plc","2"
"TAFE NS","2"
"Bizessence Pty Ltd","2"
"Bishop Consulting Pty Ltd","2"
"Macmahon Holdings Limited","2"
"Logistics Management Institute","2"
"Deep Ai","2"
"St John WA","2"
"Oryx People Automotive","2"
"ALSTOM","2"
"Retained","2"
"www.linkedin/company/26482","2"
"Persistent Systems","2"
"Canon","2"
"Adecco","2"
"Ntt Limited","2"
"Hastings Deering (Australia) Ltd","2"
"Hawksworth","2"
"Northern Territory Government of Australia","2"
"Verify Consulting","2"
"Infineon Technologies","2"
"Assurant, Inc.","2"
"Elders Rural Services Australia Limited","2"
"Brisbane Airport Corporation","2"
"The University of Melbourne","2"
"Australian Institute of Health and Welfare","2"
"Codewise Sp. Z O.O.","2"
"Certus Recruitment Australia","2"
"onpoint 365","2"
"Vaishnavi Services","2"
"Jobtech","2"
"Data Agility","2"
"VISY","2"
"Digital Connections","2"
"Demyst","2"
"Denodo Technologies, Inc.","2"
"Incsub","2"
"Australian Government Department Of Defence","2"
"Pinnacle","2"
"Digital Intelligence Systems, LLC","2"
"CHARLES STURT UNIVERSITY","2"
"Interpro","2"
"460degrees","2"
"Freelancer.Com","2"
"Horizon Power","2"
"Bjss","2"
"Estia Health Limited","2"
"BMP Technologies","2"
"Aecom","2"
"Albury Wodonga Health","2"
"Australian National University","2"
"Anglicare","2"
"Patient Zero Pty Ltd","2"
"Echo Entertainment Group","2"
"Indigenous Business Australia","2"
"GoSourcing Pty Ltd","2"
"Kogan.com","2"
"Csl Behring","2"
"Agoda","2"
"NTT DATA","2"
"Hamilton Barnes Associates Limited","2"
"Pacific National","2"
"Sinclair Broadcast Group","2"
"Co Talent IT Recruitment Pty Ltd","2"
"Svitzer Australia Pty Ltd","2"
"Sonos Inc","2"
"The Recruitment Hive","2"
"IPA","2"
"Wsp Australia","2"
"The Talent Hive","2"
"endeavour group careers","2"
"Electronic Arts","2"
"AGL","2"
"Rea Group Ltd.","2"
"Techtronic Industries","2"
"Property Exchange Australia Ltd","2"
"Luxuryescapes","2"
"Planit Testing","2"
"Milestone IT","2"
"Luxoft","2"
"HUB24 & Class Limited","2"
"IRI Worldwide (Australia)","2"
"Western Australian Institute of Sport","2"
"Glencore","2"
"Alfred Health","2"
"Cognizant Australia, Cognizant Australia, Cognizant Technology Solutions","2"
"Sika","2"
"Mission Critical Recruitment","2"
"Rome2rio","2"
"Australian Bureau of Meteorology","2"
"Eaton","2"
"Advance Careers","2"
"Brunel Australasia","2"
"South32","2"
"SoftLabs | Digital solutions for your Business Transformation.","2"
"Murdoch Children's Research Institute (MCRI)","2"
"UnitedHealth Group","2"
"QBE","2"
"Holland Fintech","2"
"Electronic Arts (EA)","2"
"Department Of Energy, Environment And Climate Action","2"
"City of Whittlesea","2"
"Mudgee Guardian","2"
"Keegan Adams Recruitment","2"
"Premier Group Recruitment","2"
"Adelaide PHN","2"
"Yarra Valley Water","2"
"Moreton Bay Regional Council","2"
"Carsales","2"
"EQL","2"
"Big Red Group","2"
"Just People Information Security","2"
"Compare The Market","2"
"AGL Energy","2"
"Gokul Infocare Pty Ltd","2"
"Estia Health","2"
"Customer Strategy & Technology","2"
"Victorian Department of Health","2"
"Rainy Day Recruitment","2"
"Arista Networks, Inc.","2"
"WaterNSW","2"
"Catholic Education Bathurst","2"
"TL Consulting Group","2"
"Torch Professional Services","2"
"Compare the Market","2"
"GWA Group Limited","2"
"Alexander Appointments Pty Ltd","2"
"Rich Data Co.","2"
"HiTech Group Australia Limited","2"
"Australian Institute of Marine Science","2"
"Carecone Australia","2"
"Siteminder","2"
"Tribus Technology","2"
"WEST 1","2"
"John Holland","2"
"Discovered People","2"
"Nisa Investment Advisors, Llc","2"
"Hunt & Co.","2"
"News Corp","2"
"Fivetran","2"
"Department of Fire and Emergency Services","2"
"The Creative Store","2"
"Australian Digital Health Agency","2"
"Are Media Pty Ltd","2"
"Weir","2"
"icare NSW","2"
"Cox Purtell Staffing Services","2"
"Bunnings Group","2"
"Greenstone Financial Services","2"
"Beamtree","2"
"Southern Nsw Local Health District","2"
"Teachers Mutual Bank","2"
"Dassault SystÃ¨mes","2"
"Milestone It (Milestone Information Technology)","2"
"Playgroundxyz","2"
"Entropy Analytics","2"
"GE","2"
"Square Peg Capital Pty Ltd","2"
"eRecruit for UWS","2"
"Axia (a Basl company)","2"
"Amadeus Hospitality","2"
"T2","2"
"Trackita","2"
"Cai","2"
"Catch Group","2"
"Pitcher Partners Australia","2"
"ADL Group Australia","2"
"Carecone","2"
"Wilmar Sugar","2"
"Origin Energy Services Ltd","2"
"Clicks It Recruitment","2"
"The Gpt Group","2"
"Nityo Infotech","2"
"Appian","2"
"Providence","2"
"SG Fleet AU","2"
"Dynamo Recruitment","2"
"Digital Resources Australia","2"
"Harvey Nash","2"
"Sunboost","2"
"Department of Communities & Justice","2"
"Finder","2"
"Department of Health, Tasmania","2"
"Commonwealth Superannuation Corporation","2"
"Cartology","2"
"Ampol","2"
"Australian Signals Directorate (ASD)","2"
"WesTrac Pty Ltd","2"
"Finity Consulting","2"
"New Zealand Government","2"
"Vivi","2"
"Jb Hi-Fi Limited","2"
"Advanced Navigation","2"
"Qudos Bank","2"
"swipejobs","2"
"Bank Of America","2"
"Rubix Solutions Pty Ltd","2"
"Work in Rail","2"
"SA Water","2"
"George Weston Foods","2"
"Department Of Customer Service","2"
"Fairfax Media.","2"
"Servicenow","2"
"Hcl Australia Services","2"
"Illion","2"
"Csl","2"
"Veolia Environmental Services","2"
"Hirec Pty Ltd","2"
"Comcare (Australian Government)","2"
"ING group","2"
"Gitlab","2"
"Natwest Group","2"
"Woolworth","2"
"Atlas Executive Consulting","2"
"Cognizant Technology Solutions Corporation","2"
"University of Technology Sydney","2"
"Total Resource Solutions","2"
"Service Stream","2"
"Ernst & Young","2"
"Efmlogistics","2"
"S2M Digital Recruitment","2"
"Milestone IT (Milestone Information Technology)","2"
"Finecast","2"
"Heirloom","2"
"Institute of Data","2"
"Big W","2"
"The Bridge Search","2"
"Boeing Company","2"
"MA Financial Group","2"
"Vocus","2"
"Sydney Children's Hospitals Network","2"
"Envato","2"
"BDO in Australia","2"
"Ubisoft","2"
"Queensland Police Service","2"
"The Allen Institute for Artificial Intelligence","2"
"TcsCom","2"
"Itl Australia","2"
"MECCA Brands Pty Ltd","2"
"Viva Energy Australia","2"
"Twitch","2"
"7-Eleven","2"
"Charterhouse Recruitment (Australia)","2"
"Department of Treasury & Finance","2"
"The Data School Down Under","2"
"Lookahead","2"
"Marsh Mclennan","2"
"ABC Australia","2"
"Safetyculture","2"
"Macquarie Group Limited (Uk)","2"
"Riverbed Technology, Inc.","2"
"Future You","2"
"Clayton Utz","2"
"Kindred Group plc","2"
"nib Group","2"
"AIA Hong Kong","2"
"Deputy","2"
"2Hb Incorporated","2"
"Catholic Education Diocese of Parramatta","2"
"Empire Group","2"
"Nine logo","2"
"Woodside Energy Ltd","2"
"GoTech Solutions Pty Ltd","2"
"King Living","2"
"University of Kent","2"
"edX Boot Camps","2"
"Acciona Ferrovial JV","2"
"Wayup","2"
"Transport For Nsw","2"
"EBC Aus","2"
"Lendlease","2"
"PayLater Travel","2"
"InterWorks, Inc.","2"
"Target Impact","2"
"Randstad Digital","2"
"Property Exchange Australia Limited","2"
"Ampcontrol","2"
"A-Leagues","2"
"Asc","2"
"Raytheon Technologies","2"
"NTT DATA Services","2"
"Reserve Bank of Australia","2"
"Zeller","2"
"Twine","2"
"Ssquare Consulting","2"
"Leap Dev","2"
"AFL Australia","2"
"Fonterra","2"
"Domain Holdings Australia Limited","2"
"Kogan","2"
"PERSOLKELLY","2"
"1835I Group","2"
"National Grid Co Usa (Ne Power)","2"
"Western Sydney University","2"
"Manpower","2"
"The Movement Advisory","2"
"Shared Services - It","2"
"TAL","2"
"NSW Health Pathology","2"
"Tech Savvy Consulting (TSC)","2"
"Dymocks Books","2"
"Randstad Education Australia","2"
"Applied Medical","2"
"Barwon Water","2"
"DBiz.ai","2"
"The Smith Family","2"
"Social Finance (SoFi)","2"
"Assurant","2"
"Ð Ð°Ð¹Ñ„Ñ„Ð°Ð¹Ð·ÐµÐ½Ð±Ð°Ð½Ðº","2"
"Ac3","2"
"Maltem","2"
"SBS Australia","2"
"JB Hi-Fi","2"
"Amentum","2"
"Aia","2"
"Another Source","2"
"Apollo Recruitment","2"
"Sumo","2"
"rarekind","2"
"Hostplus","2"
"Court Services Victoria","2"
"NT Health","2"
"Airmaster","2"
"Veris","2"
"synogize","2"
"Allianz Australia","2"
"Kenvue","2"
"Tangoefr","2"
"resource23","2"
"NSW Department of Education","2"
"Eldercare","2"
"Rheinmetall","2"
"Technical Resources","2"
"AVEVA","2"
"Wesfarmers Chemicals, Energy & Fertilisers","2"
"Life Without Barriers","2"
"Singtel","2"
"Practiv","2"
"Aspect Personnel","2"
"Cevo Australia","2"
"173 reviews","2"
"Talentd Recruitment","2"
"Syneos Health","2"
"Chrysalis Software Solutions Pty","2"
"LTIMindtree","2"
"Idp Education Ltd","2"
"The Reject Shop","2"
"Officeworks Ltd","2"
"Honeysuckle Health","2"
"Bis Industries","2"
"Qcells","2"
"QinetiQ","2"
"Little Caesar Enterprises, Inc.","2"
"Marathon Consulting","2"
"Aegros","2"
"aramco","2"
"CyberCX","2"
"Great Southern Bank","2"
"Michael Hill","2"
"A2B Australia Limited","2"
"Beaumont People","2"
"Databricks","2"
"Map Talent","2"
"Investa","2"
"Department of Defence","2"
"Oscar Wylee Eyewear","2"
"Richard Lloyd","2"
"Centurion","2"
"AJEKA","2"
"New Hope Group","2"
"Munro Footwear Group","2"
"Lendi Group","2"
"Myzeller","2"
"The Nudge Group","2"
"GFG Alliance","2"
"Sirius Technology","2"
"Schneider Electric","2"
"Virgin Australia Airlines","2"
"Hydrogen","2"
"Cuscal Limited","2"
"Etainsolutions","2"
"Government Of Western Australia","2"
"Country Road Group","2"
"Uber","2"
"Analytic Hire Solutions","2"
"Qatar Airways","2"
"Lyka","2"
"Elders Ltd","2"
"Milliman, Inc","2"
"Children's Medical Research Institute","2"
"Zepto","2"
"Telstra Corporation","2"
"SENSE","2"
"Amazon Web Services","2"
"Ibm Careers","2"
"Imc","2"
"University of the Sunshine Coast","2"
"Ashdown Consulting","2"
"Bank Of Queensland","2"
"BOQ","2"
"Snap Inc.","2"
"Prime Immigration LLP","2"
"DUG","2"
"Centorrino Technologies","2"
"Insurance Australia Group","2"
"Equifax","2"
"USC's Thompson Institute","2"
"Medibank Private Limited","2"
"Albemarle Corporation","2"
"Rac Wa","2"
"Australian Catholic University","2"
"PETRA","2"
"Consolidated Power Projects","2"
"Salt Recruitment","2"
"Hays Recruitment","2"
"86 400","2"
"Lanson Partners Recruitment Pty Ltd","2"
"Morgan Mckinley","2"
"Royal Women'S Hospital","2"
"Invocare","2"
"Limelight People","2"
"University Of Tasmania","2"
"Harvey Norman","2"
"The Kraft Heinz Company","2"
"AW Maritime","2"
"Education Horizons","2"
"Nova Systems","2"
"Babo Community","2"
"PEXA","2"
"Cognitive View","2"
"UNSW Australia","2"
"Epiroc","2"
"Careerone Partner Network","2"
"Hellofresh","2"
"Dentsu","2"
"Catholic Healthcare","2"
"BlueRose Technologies","2"
"Airservices","2"
"Outdefine","2"
"Unitedhealth Group","2"
"SEISMA GROUP","2"
"Herbert Smith Freehills","2"
"Tesla, Inc.","2"
"Northern Territory Government","2"
"Mars Recruitment","2"
"Reboot Monkey","2"
"Australian Criminal Intelligence Commission","2"
"Teachers Mutual Bank Limited","2"
"Nintendo of America Inc.","2"
"Findex","2"
"Beathchapman Pte Ltd","2"
"4C Strategies","2"
"Capgemini Australia","2"
"Australasian Centre for Corporate Responsibility (ACCR)","2"
"Hope IT Consulting","2"
"Munich Re","2"
"Walt Disney Studios","2"
"Wilbur-Ellis Company","2"
"SoftLabs","2"
"Tiempo","2"
"Ooh","2"
"IBC Recruitment","2"
"Centelon Pty Ltd","2"
"RUBIX.","2"
"Ncs Group","2"
"presien","2"
"Technology People Australia","2"
"Www.Chandlermacleod.Com","2"
"Citi","2"
"Greater Western Water Limited","2"
"FlairsTech","2"
"AustCorp Executive","2"
"Steadfast Group Limited","2"
"Sigma Healthcare","2"
"SMEC","2"
"Rich Data Co","2"
"Salesforce","2"
"Halcyon Knights - LogicMelon","2"
"NSW Government -Service NSW","2"
"FREEDOM","2"
"Exclaim IT Pty Ltd","2"
"Melbourne Ice","2"
"NSW Police Force","2"
"Energyaustralia","2"
"Mcarthur Pty Ltd","2"
"HKT","2"
"Assetlink","2"
"Kmart","2"
"Lyka Pet Food","2"
"Department of Water and Environmental Regulation","2"
"Bp P.L.C.","2"
"WiseTech Global","2"
"Media","2"
"Zentact Systems","2"
"genU","2"
"Cbre Group, Inc.","2"
"Harrison McMillan Pty Ltd","2"
"PM-Partners","2"
"News Corporation","2"
"Advanced Micro Devices, Inc.","2"
"Zone It Solutions","2"
"Compas Pty Ltd","2"
"Ivega Consulting","2"
"St John Ambulance","2"
"education","2"
"First People Recruitment Solutions","2"
"NetApp","2"
"Wolfe Co","2"
"Duluxgroup","2"
"ING Direct","2"
"Carrier","2"
"Widespread Immigration Services Llp","2"
"Rheinmetall Defence Australia Pty Ltd","2"
"Understanding Recruitment","2"
"Sedgman","2"
"Semtech","2"
"Siemens Healthineers","2"
"Corptec Technology Partners","2"
"Spark Recruitment","2"
"Reejig","2"
"Computershare","2"
"Downer Professional Services","2"
"Hamilton Barnes ðŸŒ³","2"
"CareerDC","2"
"Experis Australia","2"
"Oak Ridge Associated Universities","2"
"Recruitment Partners","2"
"Ray White","2"
"Buildings Alive","2"
"Suncorp New Zealand","2"
"General Dynamics Land Systems","2"
"Greater Western Water","2"
"IMC","2"
"St John of God Health Care","2"
"Cleanaway Waste Management","2"
"Modis Gmbh","2"
"Zeta","2"
"Minda","2"
"Hitech Personnel","2"
"Bayside Group","2"
"Temple & Webster","2"
"Capital District Physicians Health Plan Inc","2"
"HiTech Group Australia","2"
"Catholic Education Tasmania","2"
"White Bay","2"
"Technology Recruiting Solutions, Inc.","2"
"Nixil","2"
"Australian Sports Commission","2"
"Sense Recruitment","2"
"Kasna","2"
"Seed Talent","2"
"Evolve Scientific","2"
"Rbc","2"
"Atlassian Pty Ltd","2"
"Jetstar","2"
"Mable","2"
"INTELLIGEN","2"
"Nt Department Of Health","2"
"ACS Foundation","2"
"Boutique Technologies","2"
"Parktrail Associates","2"
"InvoCare","2"
"OneTrust","2"
"Bulk Nutrients","2"
"Quickreleaseinc","2"
"kmartaustr","2"
"Pilbara Minerals","1"
"Pay.Com","1"
"Lion, Lion","1"
"BNP Paribas","1"
"Garvan Institute of Medical Research","1"
"Scalene Group","1"
"First Page","1"
"Innova Solutions","1"
"[axr] Recruitment & Search","1"
"Lactalis Australia","1"
"Remote Staff","1"
"BetMakers DNA Pty Ltd","1"
"Elula","1"
"Selfwealth","1"
"Csl - Australia","1"
"VGN Engineer works","1"
"Australian Secret Intelligence Service","1"
"Royal Holloway, University of London","1"
"Ahrens Pty Ltd","1"
"PointsBet","1"
"Searcher","1"
"Design & Build Recruitment","1"
"Add Staff Group","1"
"Red Apple IT","1"
"Melbourne Archdiocese Catholic Schools Ltd.","1"
"ERSG","1"
"ISS | Institutional Shareholder Services","1"
"Capital Group","1"
"Nes Fircroft Ltd","1"
"Dxc Technology","1"
"Casey","1"
"Flare","1"
"New Vision Software","1"
"Vdart Inc","1"
"Spear Research","1"
"linkedin/company/9639/admin/","1"
"PharmiWeb.Jobs: Global Life Science Jobs","1"
"Wireline Services Group","1"
"Richard Lloyd Accounting Recruitment","1"
"Veeva Systems Inc.","1"
"Beyond Bank Australia","1"
"Washington Health Benefit Exchange","1"
"BNY Mellon","1"
"Henning Harders","1"
"Qbe Insurance Group","1"
"Dear Watson Power BI Consulting","1"
"OZ minerals","1"
"Avanti West Coast","1"
"Austcorp Executive","1"
"Department Of Fire And Emergency Services","1"
"Superloop Limited","1"
"ASAPP","1"
"Aware Services","1"
"Talent.Realised Pty Ltd","1"
"WorkForce Software","1"
"Environment Protection Authority Victoria (EPA)","1"
"Arq","1"
"Poshmark","1"
"Mars, Incorporated And Its Affiliates","1"
"Swag","1"
"Luvo","1"
"SKUTOPIA","1"
"Jarden","1"
"Nexus Silicon Technologies PTY LTD.","1"
"Inovitsi","1"
"Information & Communication Technology | Help Desk & IT Support","1"
"Victorian Gambling and Casino Control Commission","1"
"Shopgrok","1"
"VivCourt Trading","1"
"Chisholm Institute of TAFE","1"
"OneSpan","1"
"Tandem","1"
"A2B","1"
"Teksystems","1"
"NTT DATA Business Solutions","1"
"Icon Holdings Services","1"
"St George Christian School","1"
"Essense of Australia, Inc.","1"
"Wheels, Inc.","1"
"LinkUp","1"
"Data-Driven","1"
"Staffline","1"
"DCL Recruitment","1"
"SKUtopia","1"
"Piper Talent","1"
"Power It Services Private Limited","1"
"Bhp Group","1"
"Independent Electricity System Operator","1"
"Data Action","1"
"Maxmine","1"
"National Black MBA Association","1"
"Unilever","1"
"TaskUs","1"
"Integrated Accounting Solutions","1"
"Pitcher Partners","1"
"World Vision","1"
"nib health funds","1"
"Atlamgroup","1"
"Ambition Recruitment","1"
"Babybunting","1"
"illion","1"
"Cox","1"
"Kmart Australia Limited","1"
"Modern Star Pty Ltd","1"
"BCG Digital Ventures","1"
"Iress Limited","1"
"Jhpiego","1"
"Australian Iconic IT Brand","1"
"Av-Comm Pty Ltd","1"
"Dolby Laboratories","1"
"Regal Cream Products Pty Ltd","1"
"Davidson Recruitment","1"
"Useweb3","1"
"Amazon.","1"
"Queensland University Of Technology","1"
"Wing","1"
"Csl Plasma Inc.","1"
"Carecone Pty. Ltd.","1"
"Mercedes-Benz AustraliaPacific Pty Ltd","1"
"Confidential Company Name","1"
"NTT Ltd","1"
"Wesfarmers Onedigital","1"
"GRIT Talent Consulting","1"
"HorizonOne Recruitment","1"
"Aussie Homeloans","1"
"Bevchain","1"
"Tonkin","1"
"Integral Diagnostics","1"
"The People Plugin","1"
"9X5 Consulting","1"
"ISH Ventures","1"
"Helia","1"
"Department of Veterans' Affairs","1"
"Cevo","1"
"Sycomp","1"
"FIRST PEOPLE Recruitment Solutions","1"
"Credit Union Australia","1"
"The Good Guys","1"
"Bureau Of Health Information","1"
"Mackay Regional Council","1"
"Kwinana","1"
"IBISWorld","1"
"Shell","1"
"AptSearch","1"
"wedlock","1"
"EML (Employers Mutual Limited)","1"
"SanMar Corp.","1"
"Racing and Wagering Western Australia","1"
"RWDI","1"
"Sonova Holding AG","1"
"Real Time Australia","1"
"Dataiku Data PythonETL Engineer Sydney","1"
"Rishworth Aviation","1"
"Comparethemarket.com.au","1"
"Intel Data Recruitment Services","1"
"Dexus","1"
"Kano Canada","1"
"Wisetech Global Limited","1"
"Mott Macdonald","1"
"Gold Coast Hospital and Health Service","1"
"Iri","1"
"Ascend.io","1"
"Ioof Holdings Limited","1"
"Aurizon Holdings Limited","1"
"Adaps","1"
"Parallel Wireless","1"
"Netwealth - See Wealth Differently (ASX:NWL)","1"
"CENTRAL AUSTRALIAN ABORIGINAL CONGRESS","1"
"QinetiQ Australia","1"
"Numensa","1"
"Astrum Recruitment","1"
"Technology Recruiting Solutions","1"
"The Recruitment Alternative","1"
"Everything","1"
"Standards Australia","1"
"FIRESOFT People","1"
"Golden Future Technologies","1"
"Iqvia Argentina","1"
"Insightfactory.ai","1"
"Veeam Software","1"
"Coolabah Capital Investments","1"
"MedHealth","1"
"Bet Technology","1"
"X-brain","1"
"Direct Staffing Inc","1"
"Aurizn Holdco Pty Ltd","1"
"Ricardo","1"
"Ensure Recruitment","1"
"Toyota WA","1"
"Experis ManpowerGroup Sp. z o. o.","1"
"Dxc Technology Inc.","1"
"Edge","1"
"CACI International Inc","1"
"HF Sinclair Corporation","1"
"Abacus Dx","1"
"Methodist Ladies' College, Melbourne","1"
"Foxtel Management Pty Limited","1"
"Excolo Partners","1"
"Washington State Employees Credit Union","1"
"Southern Cross Care (Sa, Nt & Vic) Inc","1"
"Marqo","1"
"BiORG","1"
"Quality People","1"
"HTR Group","1"
"Viva Energy","1"
"FM Global","1"
"Displayr Inc","1"
"Coffey","1"
"Engie Group","1"
"Htr Group Pty","1"
"libertyone","1"
"Allianz","1"
"DNA Talent","1"
"Enterprise IT Resources Pty Ltd","1"
"Occulus International","1"
"The Esports Network- JobBoard","1"
"Seequent Limited","1"
"Dipole Group","1"
"AUSTRALIAN NATIONAL UNIVERSITY (ANU)","1"
"Render Networks","1"
"MTP Services","1"
"Flagship","1"
"Harman","1"
"NES Fircroft Ltd","1"
"Hcf","1"
"GMHBA Limited","1"
"Delivering 4 Customers (D4C)","1"
"Heidelberg Materials","1"
"Anu College Of Asia & The Pacific","1"
"Department For Infrastructure And Transport Sa","1"
"KFC South Pacific (Yum! Brands Subsidiary)","1"
"NEXTDC","1"
"MRI Software","1"
"Kogan Holdings Pty","1"
"Computer Data Source, LLC","1"
"Betfair","1"
"Wesley Mission Queensland","1"
"Lycopodium Limited","1"
"ALTERYX","1"
"IRT Group","1"
"IT People Australia Pty. Ltd.","1"
"Riotinto","1"
"Davis Wright Tremaine","1"
"CPB Contractors","1"
"Global Enterprise Partners","1"
"Blackrock, Inc.","1"
"Granite Consulting","1"
"Panthos Labs","1"
"Mcs Consulting","1"
"Australian Federal Police (AFP)","1"
"Jobsnsw","1"
"Columbia Distributing","1"
"Murdoch Children'S Research Institute (Mcri)","1"
"Enterprise IT Resources","1"
"Sedgwick","1"
"Monadelphous","1"
"Beagle Digital Recruitment","1"
"Mater Health Services","1"
"aXcelerate","1"
"Torch Professional Services Pty Ltd","1"
"ElectraNet","1"
"Beach Energy","1"
"Paccar Parts","1"
"Western Australian Institute Of Sport (Wais)","1"
"Stratio Big Data Inc.","1"
"IPA Australia","1"
"Terra Firma Business Consulting","1"
"Realtime Conveyancer","1"
"Princess Cruises","1"
"Stanley Worldwide","1"
"at Sonder","1"
"DataAIT Technologies","1"
"Clear Recruitment","1"
"InovitSI","1"
"Mixed Staffing And Recruiting","1"
"Marble Expert Recruitment","1"
"The Vanguard Group","1"
"Freelancer.com","1"
"Roman Health Pharmacy LLC","1"
"Make-A-Wish Australia","1"
"Picklebet","1"
"Corptec Technology Partners Australia","1"
"Fitness And Lifestyle Group","1"
"Crawford & Company","1"
"The Original","1"
"Saul Recruitment","1"
"WÃ¤rtsilÃ¤","1"
"Atturra","1"
"Valiant Integrated Services","1"
"ABBVIE","1"
"Noviion","1"
"Plug Power, Inc.","1"
"Rabobank","1"
"Riley","1"
"Central Coast Council","1"
"Department of Industry, Science and Resources","1"
"Lonza Biologics PorriÃ±o Slu","1"
"Gallagher Talent Solutions","1"
"Harvey Norman Global Pty Limited","1"
"UQ","1"
"Aimi Australia Pty Ltd.","1"
"CU Services Pty Limited","1"
"Inlogik","1"
"Gilmour Space Technologies Pty Ltd","1"
"Palmer Acoustics","1"
"Indicore Ict","1"
"Cancer Institute","1"
"Toloka","1"
"Spotlight","1"
"School of Education, La Trobe University","1"
"Ventia Pty Limited","1"
"Rocket Lab","1"
"ecocareers","1"
"Coalesce Management Consulting","1"
"NZ Ministry for Primary Industries","1"
"WGA (Wallbridge Gilbert Aztec)","1"
"Peraton","1"
"Sodexo","1"
"NextWave Partners","1"
"Department of Environment, Land, Water and Planning","1"
"SEED - Client 1","1"
"Rebelliuz","1"
"Archdiocese of Brisbane","1"
"MYOB","1"
"Dialogit","1"
"Business Reporter","1"
"Planit","1"
"Lotterywest","1"
"Viatris","1"
"Neo Analytics","1"
"Nsw Public Service Commission","1"
"Employ","1"
"Tns Inc.","1"
"One51 Consulting","1"
"Ntt Data, Inc.","1"
"Wiq","1"
"Essilor Luxottica","1"
"TeacherOn.com","1"
"Panasia Group","1"
"x-RD","1"
"Atalgo","1"
"Experian Health","1"
"Amgen Inc.","1"
"Linfox Armaguard Pty Ltd","1"
"Symphony Solutions","1"
"Insurance Australia Group Ltd","1"
"Transmax","1"
"Cboe Global Markets","1"
"Smartgroup Corporation","1"
"Morrisons","1"
"Clearwater Paper","1"
"Epoch Trading Group","1"
"Pellenc Selective Technologies Sa","1"
"Finclear Group","1"
"ScaleUp Recruitment","1"
"Nvidia","1"
"OnTalent","1"
"Quest Serviced Apartments Pty","1"
"InfraBuild","1"
"Anca Motion Pty Ltd","1"
"RMIT University Employees, Location, Alumni","1"
"Qt Melbourne","1"
"Index Exchange","1"
"Identity Digital","1"
"Acttif","1"
"Kieran Goldsworthy","1"
"City Of Subiaco","1"
"Tattarang","1"
"Victoria University Online","1"
"Tyro Payments","1"
"Visit Victoria","1"
"Clear Ventures","1"
"Opentext","1"
"Jn","1"
"Mid-Western Regional Council","1"
"Campaign Monitor","1"
"Woodside Petroleum Ltd","1"
"Workday","1"
"Heritage and Peopleâ€™s Choice","1"
"CenITex","1"
"WSP in Australia","1"
"Canibuild Au Pty Ltd","1"
"Qcells North America","1"
"Thryv","1"
"Murdoch Childrens Research Institute","1"
"Worleyparsons","1"
"Healthcare Professionals Group","1"
"Kingston Barnes Ltd","1"
"Anz Banking Group Limited","1"
"Theircare Pty Ltd","1"
"Propeller Aero","1"
"e2e Project Excellence","1"
"NVIDIA","1"
"Australian Prudential Regulation Authority (APRA)","1"
"CDC Data Centres","1"
"Element","1"
"Northern Territory Government Of Australia","1"
"Koisra Co., Ltd","1"
"UGL Limited","1"
"Crystal Delta","1"
"Omnicom Group","1"
"Vision One","1"
"Altera Digital Health","1"
"Department of Jobs, Precincts and Regions","1"
"Code","1"
"Redpath Partners","1"
"BT","1"
"National University of Singapore","1"
"Sonder","1"
"Minova","1"
"HRGO PLC - RHL","1"
"Proven Staffing Solutions","1"
"Red Apple It Pty Ltd","1"
"Jobs","1"
"Phillip Riley","1"
"Maritime And Coastguard Agency","1"
"Payam Data Recovery Australia Pty Ltd","1"
"Lendi","1"
"Jar","1"
"Total Tools","1"
"Anson McCade","1"
"Xy Sense","1"
"RPS","1"
"Certus Recruitment","1"
"BAUER MEDIA","1"
"Anglicare Sydney","1"
"Anteriad","1"
"Vital Health Foods","1"
"Ikea Gruppe","1"
"Digitalconnections","1"
"Royal HaskoningDHV","1"
"Verisk","1"
"Ascend.Io","1"
"GSK","1"
"Spencer Ogden","1"
"Jones Lang LaSalle Incorporated","1"
"Transport and Main Roads","1"
"BetMakers Technology Group (ASX:BET)","1"
"Alation, Inc.","1"
"Australia And New Zealand Banking Group Limited (Anz)","1"
"Loam","1"
"ISPT","1"
"HiR","1"
"IDC","1"
"The Walter and Eliza Hall Institute of Medical Research","1"
"Global Proptech Operations","1"
"Village Roadshow","1"
"COSOL Global","1"
"Saltworth(R) Pty Ltd","1"
"Rappi","1"
"Redwolf + Rosch","1"
"Sierracloud","1"
"Cybersec People","1"
"Profusion PAC Pty Ltd","1"
"Year13","1"
"Crime and Corruption Commission","1"
"Complete Staff Solutions Pty Ltd","1"
"CSIRO Environment","1"
"BURGEON IT SERVICES","1"
"Welcome to our Careers Portal","1"
"Bluestone Home Loans","1"
"Homestart Finance","1"
"Tech Data -","1"
"Tandem Partners","1"
"Southern Cross Austereo","1"
"Opasa Pty Ltd","1"
"Angle Auto Finance","1"
"University Of Canberra","1"
"ManVision Technologies India","1"
"Energy Jobline","1"
"Frazer Tremble Executive","1"
"Rome2Rio","1"
"3 Emus Recruitment and Consulting","1"
"Advance Global Professionals Inc.","1"
"Carolina Skiff, LLC.","1"
"ICMEC Australia","1"
"B & K Consulting","1"
"Cognizioni IT Solutions LLC","1"
"BRP","1"
"Lime Recruitment","1"
"CrowdStrike","1"
"foryouandyourcustomers","1"
"Bank of Melbourne","1"
"Technology People","1"
"Starbucks","1"
"Yass Tribune","1"
"Children's Cancer Institute","1"
"The Gemba Group","1"
"Mansell Taylor Consulting","1"
"TAFE NSW","1"
"Youi Pty Ltd","1"
"Bluescope Steel","1"
"Colonial First State","1"
"Scale Up Recruitment","1"
"FNZ Group","1"
"Tasman Human Resource Consulting","1"
"Imperial Brands PLC","1"
"Usehall","1"
"Beach Energy Ltd","1"
"Babcock","1"
"Oakpont","1"
"Wyndham City Council","1"
"groupM","1"
"Catholic Education Archdiocese of Canberra and Goulburn","1"
"LearnMeter","1"
"NRI Australia & New Zealand","1"
"Teachonline","1"
"Independence Group","1"
"CSL Limited","1"
"u&u. Recruitment Partners","1"
"Mav3rik","1"
"S2m","1"
"Department of Communities and Justice","1"
"Scentre Group Limited","1"
"Cardinia Shire Council","1"
"Settlement Services International","1"
"Spriggy","1"
"Acm (Australian Community Media)","1"
"Simons Foundation","1"
"Swinburne","1"
"nbnâ„¢ Australia","1"
"4th Harmonic","1"
"Waw Asia","1"
"WorkPac","1"
"Cerebral Palsy Alliance","1"
"Eliassen Group","1"
"City of Perth","1"
"Steve","1"
"Azooa","1"
"Maltem Consulting","1"
"The Business Agility Group","1"
"Exabeam","1"
"Lexisnexis","1"
"Workskil","1"
"IntePros","1"
"The Network Technology Recruitment","1"
"Jacobs Engineering Group","1"
"Turner Services, Inc.","1"
"Aston Carter","1"
"codida","1"
"HM Revenue & Customs","1"
"conundrm.","1"
"NSW Ombudsman Corporate Branch","1"
"Capricorn","1"
"IP Australia","1"
"BAI Communications Pty Ltd","1"
"Australian Communications and Media Authority","1"
"Square (Block)","1"
"Cushman Wakefield Multifamily","1"
"Mars","1"
"Compass Education","1"
"Naviro","1"
"OpenText","1"
"ClickView","1"
"Rps Incorporated","1"
"LTG","1"
"Fossbytes Media Pvt Ltd","1"
"I Work For Sa","1"
"Anduril Industries Inc.","1"
"Allergan","1"
"Humanforce","1"
"Elders","1"
"Informa Financial Intelligence","1"
"Nsw Government","1"
"Zoom Recruitment","1"
"CH&CO","1"
"Renaissance Infosystems","1"
"I WORK FOR SA","1"
"Cisco Systems, Inc.","1"
"Blue Signal","1"
"Niyo Solutions Inc.","1"
"BP","1"
"Csiro","1"
"BBSI","1"
"DLA Piper","1"
"Work+Stay","1"
"Lexer Inc","1"
"Www.chandlermacleod.com","1"
"Adobe Inc.","1"
"The Australian National University","1"
"Bell People","1"
"AUTOrecruit","1"
"Brownstone Consulting","1"
"MPC Moving Picture Company","1"
"Pioneera Group Pty Ltd","1"
"Blunomy (formerly Enea Consulting)","1"
"Blue Yonder","1"
"Queensland Country Bank","1"
"Tritusa Consulting","1"
"Youi","1"
"Laneway Analytics","1"
"Borealis","1"
"Grill'd","1"
"Mentem","1"
"Evodian","1"
"Minutes To Seconds","1"
"NSW Rural Fire Service","1"
"BAE Systems Australia","1"
"Hammond Care","1"
"Experis ManpowerGroup Sp. z o.o.","1"
"RCD Consulting","1"
"Mudbath, an Endava company","1"
"Vocera Communications","1"
"Dyson","1"
"Selina","1"
"NHP","1"
"fleet.space","1"
"Zembl","1"
"Cobblestone Energy","1"
"Deutsche Bank","1"
"Societe Generale Securities Services - SGSS","1"
"Peninsula Health","1"
"PaperCut Software","1"
"NHVR","1"
"54 reviews","1"
"Fulcrum3D","1"
"Face2Face","1"
"Griffith University","1"
"SoftLabs  - Digital Solutions for your Business Transformation","1"
"Trellian Pty Ltd","1"
"Knox City Council","1"
"Integratedliving","1"
"NBN","1"
"Department Of Mines, Industry Regulation And Safety Wa","1"
"Readytech","1"
"REAL TIME AUSTRALIA","1"
"NSW Government TAFE NSW","1"
"HMA","1"
"Husqvarna Construction","1"
"Sleeping Duck","1"
"Mantech International Systems Recruitment","1"
"Tpg Telecom Limited","1"
"Inside Waste","1"
"National Workforce","1"
"Myriad Technologies","1"
"DWS","1"
"Shared Services - IT","1"
"MiQ","1"
"Aruma","1"
"RioTinto","1"
"IDP","1"
"The Quantium Group Pty Ltd.","1"
"amazon","1"
"Ernst & Young Global Limited","1"
"Coates Hire Operations Pty Limited","1"
"Expertech","1"
"LexisNexis","1"
"Reason Group","1"
"Nagarro","1"
"Powerlink","1"
"Jobs For Humanity","1"
"GHD","1"
"Plenti","1"
"Rockfield Specialist Recruitment","1"
"Matthews International","1"
"WorkClass","1"
"Nib Nz","1"
"St Vincentâ€™S Health Australia","1"
"Ansto","1"
"Meshynix","1"
"Government of New South Wales","1"
"Wa Health","1"
"Amgen Foundation, Inc.","1"
"HBF Health","1"
"Vivcourt","1"
"Data Response Pty Ltd","1"
"Pilbara Minerals Limited","1"
"Cleared","1"
"Eden Richie Recruitment","1"
"LongView","1"
"Lanson Partners","1"
"Adaptra Group Pty Limited, Cognizant Technology Solutions","1"
"Virtusapolaris - Virtusa Corporation","1"
"Pep","1"
"ROLLER Software","1"
"HPE1US","1"
"Eliiza","1"
"Television New Zealand Ltd.","1"
"konnecting","1"
"AMAGA","1"
"42 reviews","1"
"Workpac","1"
"ClearView Wealth Limited","1"
"Non-Disclosed","1"
"WeMoney","1"
"Dental Corporation","1"
"Nuix","1"
"Haileybury","1"
"DMS Governance","1"
"Outdesk","1"
"securiq","1"
"u&u Recruitment Partners","1"
"Gridcog","1"
"FMS Employment on behalf of FMS 3","1"
"ePharmacy","1"
"clevelcrossing. com - Jobboard","1"
"Ibr Group","1"
"4WD SUPACENTRE","1"
"Squared Solutions Inc","1"
"HR Partners - a Randstad company","1"
"Redmil Business Mall Private Limited","1"
"Toll Group","1"
"Cummins Inc.","1"
"Praedico Rail","1"
"CEAT","1"
"Loreal","1"
"Clicks It Recruitment (Nsw)","1"
"batyr","1"
"Endeavourx","1"
"SwitchDin","1"
"MOV3MENT","1"
"Hydro Tasmania","1"
"REVVITY","1"
"UNIVERSITY OF SYDNEY","1"
"Rail Control Systems Australia","1"
"Itpau","1"
"Tpg-Tel","1"
"Biamp","1"
"Chisholm Institute","1"
"Powerstaff Consulting - Specialist Recruitment & Executive ...","1"
"VGCCC","1"
"TQSolutions","1"
"Super Retail Group","1"
"APA GROUP","1"
"Airbus Australia","1"
"REO Group","1"
"Cochlear Limited","1"
"Evolve Recruitment","1"
"Wool","1"
"The Royal Australasian College of Physicians","1"
"EFEX","1"
"Revolut","1"
"Banner Bank","1"
"Unitingcare Corporate","1"
"Smart Technology Recruitment Pty Ltd","1"
"TasNetworks","1"
"Thedrivegroup.","1"
"TASMAN COUNCIL","1"
"Recordpoint","1"
"Heartland","1"
"Carter Murray","1"
"CSL","1"
"Sharp & Carter Digital And Technology","1"
"Framework Ventures","1"
"Tridant","1"
"Skutopia Pty Ltd","1"
"Autonexus","1"
"Jpc","1"
"Exponent","1"
"13Cabs","1"
"Boq Specialist Group","1"
"Re Coded","1"
"Prospa.","1"
"Lvt People","1"
"The Missing Link","1"
"CROWN MELBOURNE","1"
"The Access Group","1"
"Recruit Australia","1"
"Daher","1"
"Behaviour Support","1"
"Service Victoria","1"
"Madrona Venture Labs","1"
"Darumatic","1"
"The Royal Women's Hospital","1"
"Showtime Consulting","1"
"Dell","1"
"Gold Group","1"
"CAREER PANACEA (Internship & Resume Specialist)","1"
"Avanade Inc.","1"
"Shift","1"
"ROKT","1"
"Buildkite","1"
"Zendesk, Inc.","1"
"Amazon Support Services Pty Ltd - D05","1"
"Kogan.com Holdings Pty","1"
"portfoliojobsourcrowd","1"
"Protocase Inc.","1"
"AC3 Australia","1"
"Collar Group | recruit a better way","1"
"Normet","1"
"Cboe Global Markets, Inc.","1"
"Covidence","1"
"JP Smith","1"
"Retail Insight","1"
"Bam Management Canada Holdings, Inc.","1"
"Vincents","1"
"Careers At Council","1"
"Recorded Future","1"
"Echo Analytics","1"
"Mattel","1"
"Perenti","1"
"yourtown","1"
"Change Recruitment","1"
"Wood","1"
"REA Group Ltd.","1"
"The Next Step","1"
"RGA","1"
"Solifi","1"
"Startupjobs","1"
"Southern Cross Personnel","1"
"Adal Immigrations Llp","1"
"Integral Diagnostics (IDX)","1"
"John Lewis Partnership","1"
"Alfa Laval Corporate Ab","1"
"NSW Government -NSW Education Standards Authority","1"
"Adelaide Mason Recruitment","1"
"Speller International","1"
"Cotton","1"
"Orexplore Technologies","1"
"Cerebellum.Digital","1"
"LivePerson, Inc","1"
"RecordPoint","1"
"Cognizant Servian","1"
"QUT (Queensland University of Technology)","1"
"Catapult Bi","1"
"eFinancialCareers","1"
"FRG Technology Consulting","1"
"mme | employment market experts","1"
"Webjet.com.au","1"
"AMP Limited","1"
"Believe Resourcing","1"
"Turing Consulting","1"
"Hassell  Site","1"
"Unisys Corporation","1"
"Amber Electric","1"
"Colliers International","1"
"Axonium","1"
"Obzervr: Transform the way you collect and use data","1"
"Scott Horton - Founding Director - Troocoo","1"
"SeaLink Corporate","1"
"DeRisk Technologies","1"
"Hunter Industries","1"
"Spring Professional","1"
"Kreative Klick","1"
"Highfield Professional Solutions Ltd","1"
"Mobility","1"
"Razorfish ANZ","1"
"Fujitsu Australia and New Zealand","1"
"Kogan.Com Holdings Pty","1"
"Fleet Space Technologies","1"
"torquejobs","1"
"Vendito","1"
"Probe Contact Solutions Australia Pty Ltd","1"
"CSR","1"
"3P Learning Ltd","1"
"YepHome","1"
"Uq","1"
"Connexus Recruitment","1"
"Torrens University Australia","1"
"NTT Global Data Centers","1"
"Agile Analytics","1"
"Sa Health","1"
"Euraxess","1"
"South San Francisco","1"
"City of Gold Coast","1"
"Sentient IT Services","1"
"Upollo","1"
"Myndful","1"
"Acle Services","1"
"Tvnz","1"
"NSW Government -Department of Customer Service","1"
"Nuvento","1"
"Hatsor Technologies","1"
"Qsic Pty Ltd","1"
"Blue Cross","1"
"Rimfire Resources","1"
"Sypaq Systems","1"
"AMDOCS LTD","1"
"Canstar","1"
"Suez Water Pty Ltd â€“ P&T Alliance","1"
"VivCourt Trading Pty Ltd","1"
"Hal Systems","1"
"Xpert Consulting TA Novon","1"
"VTCT","1"
"JDoodle","1"
"Are Media","1"
"Circa Logica Group","1"
"Susquehanna International Group","1"
"Evolve Scientific Recruitment","1"
"Carbotec","1"
"Coca-Cola Europacific Partners","1"
"Vestas","1"
"United Overseas Bank Ltd.","1"
"909IT Solutions Pty Ltd","1"
"Logit Australia Pty Ltd","1"
"EDT Networks Pty Ltd.","1"
"Fractal Analytics Australia Pty Ltd","1"
"Perpetual Limited","1"
"Citadel","1"
"Exo Digital Pty Ltd","1"
"Source Point","1"
"Telstra Purple","1"
"NSW Treasury","1"
"Pinnacle Investment Management","1"
"National Rugby League","1"
"Day One Recruit","1"
"Hexagon Mining","1"
"Veolia Water Technologies and Solutions","1"
"Sarah Group Holdings","1"
"vNEXT","1"
"Tata Consultancy ervices","1"
"Osborne Richardson Australia","1"
"Australian Secret Intelligent Service","1"
"Department of Premier & Cabinet","1"
"Kasada","1"
"iVEGA","1"
"Edith Cowan University","1"
"Wex Inc.","1"
"TekWissen Group","1"
"Marcellin College","1"
"EPAM Systems","1"
"Fortescue Future Industries","1"
"NSW Government -Transport For NSW","1"
"Royal Automobile Association","1"
"New Aim","1"
"Department Of Regional Nsw","1"
"Project Resource Partners","1"
"Infosys Singapore  Australia","1"
"Allied Credit Group","1"
"Invictus Group","1"
"Oneflare","1"
"13 reviews","1"
"Australian Military Bank","1"
"Mayday Recruitment","1"
"VGA","1"
"ALDI","1"
"Scienaptic AI","1"
"Health System Support Group","1"
"Redblocks","1"
"MFT Energy","1"
"Trip Advisor","1"
"Abyss Solutions Ltd","1"
"BAI Communications","1"
"CPU","1"
"Thiess","1"
"Redrawn","1"
"Ing Group","1"
"Viable Solutions Pty Ltd","1"
"Cashrewards Operations Pty","1"
"Society For Learning Analytics Research","1"
"Huge Telecommunications Industry","1"
"Binance","1"
"Chenega Corporation","1"
"IQVIA LLC","1"
"Australian Trade and Investment Commission","1"
"Keypath Education","1"
"IQ Group","1"
"Australian Trade and Investment Commission (Austrade)","1"
"Liviti","1"
"Perrigo","1"
"Opus Recruitment Solutions Ltd","1"
"Hanson Australia","1"
"HOBAN Recruitment","1"
"Boeing","1"
"The University Of Adelaide","1"
"ELMO Talent Management Software","1"
"Isuzu Australia Ltd","1"
"Recruitment Sorted Pty Ltd","1"
"HCF Australia","1"
"Ingram Micro","1"
"Football Federation Australia","1"
"National Blood Authority","1"
"Full Circle Partners","1"
"City Pantry","1"
"Rail Systems Australia","1"
"Neo4j","1"
"Microsoft Corp.","1"
"Hire IT People, Inc","1"
"INX Software","1"
"HuQuo","1"
"Ten","1"
"Brock Solutions","1"
"DLTA Trading","1"
"Talent Propeller","1"
"Allstream","1"
"Frazer Tremble","1"
"Simonds Homes Melbourne Pty. Ltd.","1"
"MasterCard","1"
"V2 Digital","1"
"SymphonyAI","1"
"Icon Water","1"
"A2B Australia","1"
"Menulog","1"
"Douugh","1"
"L'OrÃ©al","1"
"DataStax","1"
"luvo","1"
"Dell Technologies","1"
"Ipg Mediabrands","1"
"Birdeye","1"
"Riot Games","1"
"Propelld","1"
"Ignite Purpose","1"
"nCino, Inc.","1"
"NYSTEC","1"
"Jc Formalwear Inc.","1"
"GumGum, Inc","1"
"ANSTO","1"
"Adaptalift Group","1"
"Cyient","1"
"Northern Trust","1"
"Co-Operative Bulk Handling Limited","1"
"Hemmersbach","1"
"Emesent","1"
"iGreendata Pty Limited","1"
"Federation University","1"
"The Lottery Corporation Limited","1"
"Interface Agency Australia","1"
"Embedded Search and Selection","1"
"Australian Education Research Organisation (Aero)","1"
"Macropus Global","1"
"cobbenn","1"
"Locana","1"
"Charterhouse Australia","1"
"eQ8","1"
"Mackay Hospital and Health Service","1"
"Nakupuna Consulting","1"
"Collaborate Recruitment Pty Ltd","1"
"Egm Partners","1"
"H&M","1"
"project44","1"
"Athlete2Business","1"
"Amgen","1"
"Husqvarna","1"
"Bunzl Asia Pacific","1"
"4WD Supacentre","1"
"eHealth NSW","1"
"Superretailgroup","1"
"Starling Services","1"
"CloudMarc","1"
"Applicable Limited","1"
"people2people","1"
"Lockheed Martin","1"
"wiq","1"
"Bank of New Zealand","1"
"Work In Rail","1"
"SEED - Client 2","1"
"Nsw Government -Department Of Customer Service","1"
"The University of Notre Dame","1"
"Brisbane City Council","1"
"Wellington Management","1"
"Catholic Development Fund (CDF)","1"
"Niche 212","1"
"Hudson Au","1"
"Bosch","1"
"Mantel Group / Eliiza","1"
"Foxtel","1"
"Square Peg Capital","1"
"Coforge","1"
"Department of Industry, Science, Energy & Resources","1"
"PubMatic","1"
"Appreciating Talent","1"
"GitLab","1"
"LORG Talent","1"
"Macquarie Group Limited (UK)","1"
"Prodigal","1"
"Incitec Pivot Limited","1"
"QIC","1"
"Spotlight Group","1"
"Department Of Jobs, Precincts And Regions","1"
"WSP Australia","1"
"SSI","1"
"Brotherhood Of St Laurence","1"
"Department of Social Services","1"
"HESTA Super Fund","1"
"Talent - The API to your next tech opportunity","1"
"Johns Lyng Group","1"
"Predelo","1"
"ABM","1"
"New York State Technology Enterprise Corporation (NYSTEC)","1"
"Goodstart Early Learning","1"
"Knight Piesold Consulting","1"
"KeyNinja.io","1"
"Hunter Bond","1"
"Evolution Mining Limited","1"
"Corporate Services - Nsw Metropolitan","1"
"Spotless Group","1"
"Engage Talent Pty Ltd","1"
"Synergy (Electricity Generation and Retail Corporation)","1"
"The Star Ent Group","1"
"Australian Government Department of Health and Aged Care","1"
"Bizessence Pty","1"
"HIREC","1"
"Ignite Specialist Recruitment Services","1"
"Wga (Wallbridge Gilbert Aztec)","1"
"Premier Cloud Inc.","1"
"Revenite","1"
"Edge Stackers","1"
"Ons verhaal","1"
"la Crau","1"
"Tal","1"
"Stanwell","1"
"Pearson","1"
"National Crime Agency","1"
"Gumgum","1"
"Evolt","1"
"Sydney Water","1"
"Vdl Enabling Technologies Group (Singapore) Pte Ltd","1"
"Iri Apac","1"
"Department of Education and Training","1"
"IOOF Holdings","1"
"humm group","1"
"Canstaff","1"
"Illuvium","1"
"mod","1"
"Intelligen Pty Ltd","1"
"Competentia","1"
"IDEXX","1"
"BSI People Group - Resourcing todayâ€™s talent for your ongoing success","1"
"Canadian Institute for Health Information","1"
"Public Sector People","1"
"Techtronic Industries (TTI)","1"
"Systech Limited","1"
"Optisol Business Solutions","1"
"Department of Families, Fairness and Housing","1"
"Innovior Pty. Ltd.","1"
"nib","1"
"Corporacion Acciona Eolica Sl","1"
"Data#3 Limited","1"
"AIA Australia","1"
"Kindred Group","1"
"terra15","1"
"Settlement Services International (Ssi)","1"
"ï»¿Dymocks Australia","1"
"Racing And Wagering Western Australia","1"
"Alliance Airlines","1"
"Hearing Australia","1"
"Campari Australia","1"
"airbus","1"
"AS Technology Corporation","1"
"Sage","1"
"RINA","1"
"Financier Software Pty Ltd (TAs Castaway Forecasting)","1"
"Gras Savoye","1"
"University Of Adelaide","1"
"Sharp & Carter Digital and Technology","1"
"Temper.","1"
"Digital Talent Lab","1"
"Mk2 Recruitment","1"
"Paidright","1"
"Cubiko Pty Ltd","1"
"Bankwest","1"
"Plastic Bottle Supplies Limited","1"
"Linked In","1"
"Kion Group Ag","1"
"Cadence Connect","1"
"Indigeco Pty Ltd","1"
"VAST Data","1"
"InMobi","1"
"Emirates","1"
"Fletcher Insulation AU","1"
"Australian Primary Health Care Nurses Association (APNA)","1"
"TRKKN","1"
"BRPH Architects and Engineers Inc.","1"
"Shippit","1"
"OUTFRONT Media","1"
"Centre For Continuing Education","1"
"DDN Storage","1"
"Mirvac","1"
"tapestry ai","1"
"Knightsbridgesolutionsus","1"
"Griffith University Employees, Location, Alumni","1"
"Cos-Aus","1"
"Fujitsu Asia Pacific","1"
"NCR Edinburgh","1"
"Pexa","1"
"Department Of The Premier And Cabinet Qld","1"
"Peacefestival","1"
"Nsw Government -Sydney Opera House","1"
"Complementarytraining","1"
"PCCW GLOBAL Limited","1"
"Jade Software Corporation Limited","1"
"Champion Data","1"
"Resolution Life Group Services Limited","1"
"Family Zone Cyber Safety","1"
"TMGM","1"
"Cognitivo","1"
"Teradata Group","1"
"Equifax, Inc.","1"
"Waste Management Review","1"
"Federal Group","1"
"Seisma","1"
"Bupa HI Holdings Pty Ltd","1"
"Heaton Rail Pty Ltd","1"
"Otic Group Pty Ltd","1"
"Government Executive Media Group LLC","1"
"Arcps","1"
"NextGen.Net","1"
"Searchability","1"
"CSL - Australia","1"
"Australian Government Security Clearance","1"
"Here","1"
"Hellofresh Australia","1"
"La Cantine","1"
"Bupa HI Pty Ltd","1"
"TeacherOn","1"
"New South Wales government","1"
"NTT America Solutions, Inc.","1"
"GE Aerospace","1"
"Medical Mutual","1"
"Bendigo TAFE","1"
"Evoenergy ACT","1"
"Kite","1"
"PVS Australia Pty Ltd","1"
"GYDE Consulting","1"
"nVision Talent","1"
"Milk Chocolate Property","1"
"Cbre","1"
"Autodesk","1"
"Kenbury","1"
"NSW Government -iCare","1"
"Tektalent","1"
"Veolia","1"
"Logan City Council","1"
"United Workers Union","1"
"Bluescope","1"
"Crown Melbourne","1"
"Lovisa","1"
"Sime Darby","1"
"NSW Government -eHealth NSW","1"
"Arista Networks Australia Pty Ltd","1"
"Charles Darwin University","1"
"Walkinshaw Andretti United","1"
"84 reviews","1"
"Department for Infrastructure and Transport","1"
"Geelong Cats","1"
"Victoria Legal Aid","1"
"Catch.com.au","1"
"NTT Data Business Solutions Australia","1"
"ANU College of Asia & the Pacific","1"
"University of Wollongong","1"
"Melbourne Water Corporation","1"
"University of Leeds","1"
"Australian Water Assocation","1"
"Inc Research","1"
"LGT Crestone Wealth Management Limited","1"
"Swiss Academic Software Gmbh","1"
"Universities Admissions Centre","1"
"Valiance Solutions","1"
"Engie Rinnovabili S.P.A.","1"
"Immutable","1"
"Data Republic Pty Ltd","1"
"Recruitment Consultancy","1"
"Zoomo","1"
"Plerion","1"
"h2o.ai","1"
"Mentorlist Talent","1"
"City of Sydney","1"
"Forever New","1"
"Alter solutions","1"
"Conquest Personnel Pty Ltd","1"
"SA Health","1"
"Westpac Institutional Banking","1"
"Aeropm","1"
"Aia Australia","1"
"BT Financial Group","1"
"Gentrack Ltd (Global)","1"
"Digital Realty","1"
"VIOOH","1"
"Online Education Services","1"
"AkzoNobel","1"
"Airtasker","1"
"Flexera","1"
"Ldk Healthcare","1"
"Epam","1"
"Propel Health AI","1"
"MondelÄ“z International","1"
"Interserve Australia","1"
"Indicore ICT","1"
"oOh!","1"
"JP Morgan","1"
"Lexer","1"
"Finity Recruitment","1"
"Toyota Financial Services","1"
"Essity","1"
"Leica Geosystems Ag","1"
"Kinetic IT","1"
"Jcdecaux","1"
"Myob","1"
"Frazer-Nash Consultancy","1"
"JFrog","1"
"C-SUITE PARTNERS PL","1"
"Baker Hughes Gruppe","1"
"Cpl Healthcare","1"
"Tardis Group","1"
"CSL Innovation","1"
"Modular Mining","1"
"Sa Power Networks","1"
"Finastra","1"
"Csa Recruitment","1"
"Mochi Labs","1"
"FDS","1"
"KBR, Inc.","1"
"Anglo American DeBeers Group","1"
"13cabs","1"
"G'day Group","1"
"DataBrain","1"
"Iqvia Holdings Inc.","1"
"Thompsoncook","1"
"Blackmores","1"
"Royal Flying Doctor Service","1"
"ROBERT WALTERS AUSTRALIA","1"
"DTN","1"
"Motta Consulting","1"
"Tableau","1"
"Sidekicker","1"
"LINFOX","1"
"SA Government -DEPARTMENT FOR EDUCATION","1"
"AGCO","1"
"ARCQ Talent","1"
"Ray White and Loan Market","1"
"University of Melbourne","1"
"Moving Forward Recruitment Services","1"
"Discovery Parks","1"
"Travel Money Group","1"
"Sphera","1"
"Centelon Solutions","1"
"TGS","1"
"OzTAM Pty Ltd","1"
"Amazon Web Services Australia Pty Ltd","1"
"Metricon","1"
"Yellow Canary","1"
"Santos Ltd","1"
"Outdoor Media Association","1"
"Toyota Finance Australia","1"
"Wt Partnership","1"
"Send Payments","1"
"Brandbank Group","1"
"UnitingCare Corporate","1"
"CEA Technologies","1"
"Windsor Group","1"
"Bellroy","1"
"Vanguard Digital Consulting","1"
"IPA Personnel","1"
"Blackroc","1"
"ProZ.com","1"
"Latitude It","1"
"St John Wa","1"
"ubank","1"
"OMRON","1"
"New Corp","1"
"Ebr","1"
"Storm5","1"
"Secureenergy","1"
"Futureyou","1"
"Cox Automotive Australia","1"
"DuluxGroup on","1"
"Maven Partners","1"
"Scor","1"
"Maltem Asia-Pacific","1"
"Hopper","1"
"Synpulse8","1"
"Stronger Smarter Institute","1"
"Bookipi","1"
"Acira Consultancy Pty Ltd","1"
"BAI Australia","1"
"Box Hill Institute","1"
"Monash Health","1"
"Dtex Systems","1"
"Renaissance","1"
"Nexia Sydney","1"
"Emeco","1"
"CCO Group Ltd","1"
"RWWA","1"
"Viatris Inc","1"
"Openmesh","1"
"Catapult BI","1"
"Australian Ethical Investment","1"
"Australian Federal Police","1"
"Westhouse","1"
"Anblicks","1"
"Publift","1"
"Water Data Management","1"
"University of Adelaide","1"
"Services Australia","1"
"OFX","1"
"Modern Technology Solutions, Inc.","1"
"Alfa Recruitment","1"
"Sterling-Hoffman Life Sciences","1"
"Kaliba - Tech & Sales Talent","1"
"PWC","1"
"Ooh!","1"
"TPG Telecom Limited","1"
"Amyx, Inc.","1"
"Limelight Consulting Group Pty Ltd","1"
"Techforce Personnel Pty Ltd","1"
"Xpt","1"
"Sirius Technology Melbourne","1"
"Ashurst","1"
"Gpc Asia Pacific","1"
"H2O.Ai","1"
"Gentrack Group","1"
"Qbe Insurance","1"
"ATLAS RECRUITMENT","1"
"APA Group","1"
"Rotor Studios","1"
"PharmOut","1"
"KPMGau","1"
"Rand Corporation","1"
"SYPAQ Systems","1"
"Independent Technology Consultants Cooperative Pty Ltd","1"
"RBC","1"
"M2TS","1"
"Data Addiction","1"
"The Hospital Research Foundation","1"
"Barclay","1"
"SmartBear","1"
"Churches of Christ in Queensland","1"
"Cutting Edge Search","1"
"Bank Australia","1"
"DataGenius Australia","1"
"LANDMARKS ID","1"
"Nes Global Talent","1"
"Jobs for Humanity","1"
"Swift Navigation","1"
"Jts","1"
"Aps","1"
"BCI","1"
"Deakin Alumni","1"
"Fiserv","1"
"Siemens","1"
"Kleenheat","1"
"Washington State University","1"
"Convosphere","1"
"Resources Group AU","1"
"Hunter Careers","1"
"Path4 Group","1"
"St Barbara'S Parish School","1"
"Elisity Cognitive Trust","1"
"Jll","1"
"Streem","1"
"Huntington Ingalls Industries, Inc.","1"
"Nexus Talent","1"
"Ignite Services","1"
"The Constructive Collective","1"
"Talinko Inc.","1"
"Sia Partners","1"
"Serco","1"
"Mercer","1"
"Ge Power","1"
"Gumtree Group","1"
"Australian Education Research Organisation (AERO)","1"
"Hexagon Geospatial","1"
"GMHBA","1"
"DHI Group","1"
"Bunzl Australasia","1"
"Parklife Joint Venture","1"
"BOQ Specialist Group","1"
"Flood Modeller","1"
"WATERNSW HASH(0X5600C065D110), NSW HASH(0X55B482CCE850) NEW","1"
"Cloudflare","1"
"Moyyn","1"
"VirtuPharma","1"
"Glen Eira City Council Careers","1"
"Lawson Elliott Recruitment","1"
"Sun Data Solutions Pty Ltd","1"
"Uniting Church Australia","1"
"Shoalhaven City Council","1"
"At Zitcha Pty","1"
"Fdm Group","1"
"Alation","1"
"Zurich Insurance Company","1"
"Vow Group Pty Ltd","1"
"TechTarget","1"
"Pet Circle","1"
"Studentuniverse","1"
"AMI","1"
"Betmakers Dna Pty Ltd","1"
"VicReturn","1"
"Simplyai Pty Ltd","1"
"Trimble Inc.","1"
"MOGOPLUS","1"
"MPAU Technology","1"
"Australian Electoral Commission","1"
"ACCIONA","1"
"MHNSF Pty Ltd","1"
"Arndell Anglican College","1"
"Salient","1"
"Razorfish logo","1"
"Empower AI","1"
"Myriota","1"
"Parity Consulting","1"
"Vocus Group","1"
"Boston Consulting Group (BCG)","1"
"House with No Steps","1"
"Atnis","1"
"Nib","1"
"DELAN - Chasseurs de Talents en TI","1"
"Alteryx, Inc.","1"
"Hays Technology","1"
"Workpac Group","1"
"Ioof Holdings Ltd","1"
"joblist","1"
"HITIQ","1"
"NSW Government -Customer Strategy & Technology","1"
"Office Of The Nsw Crime Commission","1"
"Hitek Staffing","1"
"Racwa","1"
"Indebted","1"
"Eql Launches Pty Ltd","1"
"PCL Construction Services, Inc.","1"
"Talent Stack","1"
"Alation Inc","1"
"UniPhi","1"
"Go Partnership","1"
"SHRIV COMMEDIA SOLUTIONS PTY. LTD.","1"
"Oceaneering International","1"
"ROSEN Group","1"
"DBiz Solutions Australia","1"
"Mensa Brands","1"
"The Shout","1"
"Anglo American","1"
"Lynkz People","1"
"FatSecret","1"
"Kids First Australia (formerly CPS)","1"
"IDEMIA","1"
"368701","1"
"2hb Incorporated","1"
"Beyond Blue","1"
"Techtarget","1"
"Slade Group","1"
"Australian Institute Of Sport","1"
"hoban","1"
"360itservices","1"
"Ooh! Media","1"
"Sintelix","1"
"Irt Group","1"
"ALG | Talent Specialists","1"
"MidCoast Council","1"
"Jupiter.money","1"
"Zookal","1"
"Data Addiction | Seisma Group","1"
"Barminco","1"
"Connect You Recruitment","1"
"Mathspace","1"
"Cancer Council Victoria","1"
"Ibm","1"
"CIMIC Group","1"
"John Paul College","1"
"Preacta Recruitment","1"
"Monash University.","1"
"ENGIE North America Inc.","1"
"Viva Energy Operations Analyst Viva Energy Operations Analyst","1"
"Bluevine","1"
"PERSUITÂ®","1"
"Ampersand International","1"
"NEC","1"
"Global Payments","1"
"Shutterfly, Inc.","1"
"Sporkey","1"
"Digital-Connections","1"
"Seqwater","1"
"Health Support Services (WA health system)","1"
"Ascending","1"
"Tasmanian Government","1"
"Discovery Holiday Parks","1"
"Normet Group","1"
"Department of Home Affairs","1"
"Perkinelmer","1"
"Synergy AU","1"
"United Health Group","1"
"BUPA","1"
"The Australian Pipeliner","1"
"Experimentation Jobs","1"
"Solplanet","1"
"KAPiTAL Consulting","1"
"APRA","1"
"E73","1"
"Pige","1"
"Special Broadcasting","1"
"ARTC","1"
"2,989 reviews","1"
"ABN Service Pty Ltd","1"
"Act Government","1"
"Sigma Resourcing Pty Ltd","1"
"Comcare","1"
"Anaconda Group","1"
"Nielseniq","1"
"Victoria University","1"
"Macs Technologies Pty Ltd.","1"
"ZEISS Group","1"
"Sealink Travel Group Ltd","1"
"Denodo","1"
"Bonfire Group","1"
"SecurityLockDistributors","1"
"Pegasystems","1"
"Cube Content Governance Global Limited","1"
"City of Casey","1"
"Polyglot Group | Business Services Provider","1"
"Eclipx Group","1"
"Centacare","1"
"Uts Marketing","1"
"Catholic Archdiocese Of Melbourne","1"
"Eurofins","1"
"Talent Analytica","1"
"me&u","1"
"Decisive Talent","1"
"Dataiku","1"
"Singapore Government","1"
"Brambles","1"
"Coles Supermarkets","1"
"Real Time","1"
"CREATE CAREERS","1"
"Blue Rock","1"
"Divy","1"
"Supercars","1"
"Structerre Consulting","1"
"Hitech Group Australia","1"
"NSW Public Service Commission","1"
"TENNIS AUSTRALIA","1"
"Genesis It&T","1"
"The Lottery Corporation","1"
"Compass Group Pty Limited","1"
"Expedia Group","1"
"Viasat Inc.","1"
"Dexian DISYS","1"
"Mitchell Morley","1"
"Fi Now","1"
"AtlamGroup","1"
"Dennis Family Corporation","1"
"D2i Consulting","1"
"Ethos Beathchapman","1"
"Uniting Limited","1"
"Department of Treasury and Finance, Victoria","1"
"Workforce Solutions, a division of NTT Ltd.","1"
"TechSourcing","1"
"Blacksky Holdings LLC","1"
"MSD Australia & New Zealand","1"
"Bloomberg","1"
"Kennedy Reid","1"
"Darumatic Cloud Native","1"
"American International Group","1"
"Humanity","1"
"Cke Restaurants","1"
"Technopals Pte.Ltd.","1"
"WSN","1"
"Halliburton Australia Pty Ltd","1"
"Australian Broadcasting Corporation (Abc)","1"
"Opus Talent Solutions","1"
"NielsenIQ","1"
"Morningstar, Inc.","1"
"Australian Pharmaceutical Industries (API)","1"
"Maxima","1"
"Heritage And Peopleâ€™S Choice","1"
"Paccar Australia","1"
"Halcyon Knights - Logicmelon","1"
"Impact HR Consulting","1"
"Clicks IT Recruitment (NSW)","1"
"CitiPower and Powercor","1"
"Department of Industry, Science, Energy and Resources","1"
"Powerstaff Consulting","1"
"Studiosity","1"
"Clarivate","1"
"Ambulance","1"
"Resource & Budgeting","1"
"Smart Data Pty Ltd","1"
"Harris Scarfe","1"
"Cotton On Group","1"
"Helping Hand","1"
"PanAsia HR Resourcing","1"
"Nes Fircroft","1"
"Australian Institute of Advanced Studies","1"
"Greenpeace Australia Pacific","1"
"Medium","1"
"Asic","1"
"Engineering Networks","1"
"Hendercare","1"
"Subsea 7","1"
"Artefact","1"
"Betsson Group","1"
"edel/CX/","1"
"PEP Test Load 2","1"
"Lgcareers","1"
"48 reviews","1"
"SCS Engineers","1"
"Carma","1"
"Transport Accident Commission (TAC","1"
"J&J Family of Companies","1"
"Mcarthur","1"
"FINLAY JUDE ASSOCIATES LIMITED","1"
"Oceaneering","1"
"Breville","1"
"Csg","1"
"elisity cognitive trust","1"
"MURAconnect","1"
"Genie Solutions","1"
"Mcdonald'S Corporation","1"
"empire group","1"
"Data Army","1"
"The Talon Group","1"
"CSL Plasma Inc.","1"
"Mantech","1"
"Oxygen Recruitment & HR","1"
"Cushman & Wakefield","1"
"Maxima Group Inc","1"
"T+O+M Executive","1"
"Collins Aerospace","1"
"Jefferson Frank","1"
"GWG Recruitment","1"
"Fcm Travel","1"
"Remedy Intelligent Staffing","1"
"Impronics Technologies","1"
"ALLIANZ AUSTRALIA SERVICES PTY LTD","1"
"University of Newcastle","1"
"Hope it Consulting","1"
"Modis International (Us)","1"
"Department Of Employment And Workplace Relations","1"
"Anglo American Plc","1"
"Nsw Department Of Customer Service","1"
"The Business Agility Group  Pty Ltd","1"
"Bedford Group","1"
"IQVIA","1"
"Meta Recruitment","1"
"PEP Test Load 13","1"
"Etain Solutions","1"
"UNSW Employees, Location, Alumni","1"
"SICE Pty Ltd","1"
"Optimate Pty Ltd","1"
"Strategic Partners Australia","1"
"WayUp","1"
"Myjoblist","1"
"Australian Government The Treasury","1"
"A Large Company","1"
"Venice Regas","1"
"High Point University","1"
"https:www.linkedin.comcompany2203697","1"
"SmartMeasures","1"
"Elite IT Recruitment","1"
"Eightcap","1"
"New South Wales, Australia","1"
"Softtest Pays Pty Ltd","1"
"1,943 reviews","1"
"Cargill, Incorporated","1"
"Charles River Laboratories, Research Models And Services, Germany Gmbh","1"
"Ayan Infotech","1"
"Ahrens","1"
"Central Australian Aboriginal Congress","1"
"Better Staff","1"
"genesis IT Recruitment","1"
"Triple i","1"
"Stryker Corporation","1"
"Solcast (Solar Radiation Data Experts)","1"
"PageUp People","1"
"RSA","1"
"Sanitariumint","1"
"Procurement","1"
"NSW Telco Authority","1"
"Mental Health Commission","1"
"Eml Group","1"
"Symbio Global","1"
"The Network IT","1"
"KLA","1"
"Anduril","1"
"CBRE Argentina","1"
"David Jones","1"
"1300TempFence","1"
"QIX Consulting","1"
"Cecil","1"
"Department of Social Services (DSS)","1"
"Enterprise It","1"
"National Health Funding Body","1"
"Five9","1"
"Argenti","1"
"Altair","1"
"Tm Floyd & Company (Tmf)","1"
"Domain","1"
"Axiom Technologies Australia","1"
"Diverse Engine","1"
"Johnson And Johnson","1"
"North Highland Consulting","1"
"Advanced Personnel Management","1"
"WesTrac","1"
"Pearl AUS","1"
"UnitingCare Queensland","1"
"BetaCarbon","1"
"Probe CX","1"
"Earbus Foundation WA","1"
"Ondeck Capital Australia Pty Ltd","1"
"Nationwide Building Society","1"
"Accent Group","1"
"Dream Mart Services Pvt. Ltd.","1"
"Vincents Chartered Accountants","1"
"HTC Global Services","1"
"Strategic Talent Australia","1"
"Department of Agriculture & Water Resources","1"
"V-Tech Data Outsourcing","1"
"RACV","1"
"Perceptor","1"
"Tech Data APAC","1"
"Idc","1"
"JCDecaux","1"
"Winslow","1"
"Callinterview","1"
"Revolut Ltd","1"
"StraightUp","1"
"Airservices Australia","1"
"Job4u","1"
"WorkIndia","1"
"Collins Mcnicholas Recruitment & Hr Services Group","1"
"ACCIONA Australia","1"
"OneSchool Global","1"
"Waterline","1"
"WeMoney Pty Ltd","1"
"Dulux","1"
"Western Power","1"
"People's Choice Credit Union","1"
"Electranet","1"
"Stillwell Management Consultants","1"
"InterWorks","1"
"Donnelley Simpson Cleary Consulting Engineers","1"
"Functionly","1"
"Salesforce, Inc.","1"
"9x5 Consulting","1"
"Rauland Australia","1"
"Northern Health Australia","1"
"Nufarm","1"
"DSi Professionals","1"
"Wipro Revolution IT","1"
"I Work For Nsw","1"
"Pluribus Networks","1"
"OurPath","1"
"Mission Critical","1"
"Mrweb","1"
"FoodByUs","1"
"The Torres Strait Regional Authority (TSRA)","1"
"Catholic Education Office   Archdiocese of Canberra and Goulburn","1"
"SYSTRA","1"
"Fitness and Lifestyle Group","1"
"CompNow","1"
